first_name,last_name,phone_number,email,address,post_code,country,cust_id
"Kelsey","Pollen",3638396600,"pollen0@unesco.org","67 Fulton Street","10430","Croatia",49879
"Odo","Allen",4341498187,"allen1@wufoo.com","28823 Dixon Street","","Greece",71372
"Pearl","Plank",6967949011,"plank2@delicious.com","43273 Dawn Center","34032 CEDEX 1","France",47412
"Doreen","Duckit",6492745310,"duckit3@pagesperso-orange.fr","458 Duke Plaza","","Indonesia",77005
"Shawn","Bramley",5794250155,"bramley4@goodreads.com","27185 Golf Hill","","Indonesia",77700
"Ches","Pahler",4817157020,"pahler5@hubpages.com","29 Anderson Road","","Indonesia",88572
"Persis","Klinck",7426992579,"klinck6@xrea.com","00 Nevada Point","","Indonesia",50207
"Roth","Punshon",9717459289,"punshon7@prnewswire.com","125 Little Fleur Point","9800-226","Portugal",24993
"Dayna","Brunetti",1149378481,"brunetti8@china.com.cn","32 Melby Place","549 31","Czech Republic",29969
"Adelind","Anand",5234239945,"anand9@mysql.com","52 Nobel Way","756 53","Czech Republic",80525
"Rich","Amner",6458351411,"amnera@va.gov","84 Kinsman Point","38180-000","Brazil",13214
"Jard","Scandred",1253722201,"scandredb@youku.com","30 Nobel Court","4600","Philippines",24771
"Ted","McDuffie",6594454295,"mcduffiec@unblog.fr","857 Northridge Lane","443049","Colombia",56640
"Teresita","Medgwick",6712928172,"medgwickd@google.nl","2 Mifflin Junction",,"Burkina Faso",95872
"Keri","Foggarty",5341668020,"foggartye@facebook.com","2 Park Meadow Court","142817","Russia",23544
,"Adamovicz",6388750460,,"5691 Porter Crossing","","Greece",65541
"Lawry","Castenda",7129668473,"castendag@php.net","31428 Waywood Alley","89-320","Poland",73832
"Freda","Greenhough",4494399953,"greenhoughh@baidu.com","85 Brown Hill","104 62","Sweden",60461
"Chucho","Sedgmond",7401675928,"sedgmondi@timesonline.co.uk","8640 Meadow Vale Plaza","","China",12759
"Brianna","Erdely",2713878815,"erdelyj@google.es","926 Dovetail Crossing","J8C","Canada",35572
"Roxi","Hesse",8547106946,"hessek@comcast.net","2283 Elka Park","34-722","Poland",69840
"Evie","Ramberg",9995480071,"rambergl@loc.gov","87 Loeprich Trail","3905","Philippines",25650
"Shoshanna","Sevier",7963293376,"sevierm@123-reg.co.uk","30 Lien Terrace","","China",34959
"Molly","Vasyutochkin",3295056457,"vasyutochkinn@1688.com","248 Schlimgen Drive","2303","Philippines",43472
"Timi","Napthine",1071153712,"napthineo@state.gov","022 Judy Court","252 82","Czech Republic",58213
"Eirena","Nicholson",6591363138,"nicholsonp@time.com","37754 Valley Edge Terrace","26209 CEDEX","France",18107
"Rodie","Verrillo",5508701202,"verrilloq@hp.com","25 Melrose Point","","China",12127
"Carey","Fayter",7971035530,,"85 Tony Hill","","Taiwan",22252
"Courtney","Byneth",9004795839,"byneths@apple.com","970 Butterfield Street","59380-000","Brazil",37896
"Hannis","Loding",9144904206,"lodingt@lulu.com","0 Banding Point","54501","Finland",49882
"Devin","Petford",4601337913,,"71268 Elka Plaza","","China",79688
"Joana","Foulcher",4743190664,"foulcherv@quantcast.com","93824 New Castle Court","10100","Thailand",45493
"Tabbi","Belford",2797344801,"belfordw@globo.com","4 Roxbury Way","","China",53639
"Klement","Gricewood",1109572608,"gricewoodx@unicef.org","626 Banding Lane","43-419","Poland",70467
"Rudy","Ansteys",5859444518,"ansteysy@cdbaby.com","43792 Shasta Lane","7005-104","Portugal",52351
"Arte","Lethibridge",7126599034,"lethibridgez@businessinsider.com","7 Calypso Crossing","431 86","Czech Republic",94665
,"Liddicoat",1049093986,"aliddicoat10@comsenz.com","924 Spohn Junction","461069","Russia",29719
"Robena","Witter",3954327128,"witter11@bloomberg.com","12695 Hazelcrest Point","","Ivory Coast",92952
"Dirk","Lantaph",6822004888,"lantaph12@bloomberg.com","3 Stoughton Court","6516","Philippines",36115
"Vincenty","Mc Meekan",1536014197,"mcmeekan13@nsw.gov.au","33 Melody Park","7780-256","Portugal",54167
"Jaime","Forker",8438250163,"forker14@last.fm","3781 Basil Alley","","Nepal",34030
"Vite","Blakeborough",2956506636,"blakeborough15@sciencedaily.com","197 Bellgrove Parkway","","China",51575
"Nikkie","Patchett",9344211409,"patchett16@google.ca","5059 Ruskin Drive","","Venezuela",14032
"Maryellen","Olech",7236762451,"olech17@cbslocal.com","27758 Heffernan Alley","3700","Philippines",15959
"Aldrich","Guyan",7143442030,"guyan18@eventbrite.com","491 Hansons Way","","Indonesia",33334
"Stuart","Bocken",3015652766,"bocken19@nationalgeographic.com","29226 Fremont Hill","","Indonesia",97348
"Shirleen","Jellett",7752764374,"jellett1a@wikia.com","32391 Becker Avenue","","China",72754
,"Delgadillo",3873092967,"bdelgadillo1b@edublogs.org","5 Kennedy Park","","China",62712
"Lillis","Skim",7044088498,"skim1c@intel.com","15684 Muir Point",,"United States",27049
"Susann","Barents",5742653397,"barents1d@wikia.com","9351 Donald Point","9211","Philippines",79130
"Erminie",,7764759251,"fausset1e@pcworld.com","2797 Utah Junction","","Bosnia and Herzegovina",21573
"Rhys","Muggeridge",1555701354,"muggeridge1f@huffingtonpost.com","1581 Village Green Avenue","869-0233","Japan",62019
,"Erdes",3415749924,"qerdes1g@1und1.de","24 Scott Point","198804","Russia",64768
"Coleman","Barensky",1514803212,"barensky1h@msn.com","822 Almo Way","64150","Thailand",72397
"Aleda","Luckcuck",6957481546,"luckcuck1i@ustream.tv","569 South Center","152247","Colombia",21441
"Huey","Tupp",3966782475,"tupp1j@shop-pro.jp","9704 Dahle Road",,"Nicaragua",11283
"Frederick","Gheraldi",8181304147,"gheraldi1k@pbs.org","4 Acker Terrace","91210","United States",33889
"Hortense","Reaveley",2301434295,"reaveley1l@ebay.com","6518 Mosinee Drive","","China",55366
"Anallise","Cowdroy",5956151538,"cowdroy1m@exblog.jp","652 Dayton Crossing","","Serbia",39326
"Demott","Clulow",9162588210,"clulow1n@nba.com","93197 Jay Park","675 55","Czech Republic",55115
"Jaclin","Cockran",9896847347,"cockran1o@merriam-webster.com","720 Michigan Park","11020 CEDEX","France",56037
"Ree","Evison",,"evison1p@squarespace.com","67047 Delaware Parkway","503 03","Czech Republic",87021
"Marabel","Saywell",6892555178,"saywell1q@shinystat.com","13488 Nelson Pass","46240","Thailand",90336
"Rebe","Cownden",8772710959,"cownden1r@goodreads.com","7475 Armistice Street","97182 CEDEX","Guadeloupe",78924
"Parrnell","Phelipeau",9057014297,"phelipeau1s@dailymail.co.uk","93004 Independence Parkway","","Indonesia",14149
"Welsh","Teggin",6601398438,"teggin1t@acquirethisname.com","72488 Sullivan Lane","04005","Spain",34342
"Katrinka","Bridel",6041795302,"bridel1u@opera.com","97 Memorial Park","","China",63623
,"Bearcroft",9125590877,"kbearcroft1v@ucsd.edu","647 Green Center","","Albania",55712
"Sumner","Durban",9014917900,"durban1w@cafepress.com","5232 Sommers Court","","Indonesia",44946
"Cord","Kegley",5923791799,"kegley1x@whitehouse.gov",,"T9H","Canada",58078
"Lidia","Syphas",8436233506,"syphas1y@networksolutions.com","008 Michigan Street","853-0704","Japan",80191
"Danila","Torregiani",8868612175,"torregiani1z@ycombinator.com","45056 Kingsford Pass","22761","Pakistan",85537
"Brnaby",,9778654275,"bigley20@cbc.ca","49972 Barnett Terrace","4805-081","Portugal",52514
,"Scotchbourouge",1885667850,"hscotchbourouge21@independent.co.uk",,"54130","Thailand",29944
"Josephine",,4149689557,"kleinsmuntz22@yandex.ru","09 Pleasure Circle","2301","Philippines",89444
"Janine","Ciciotti",2523318596,"ciciotti23@sun.com","6 Mcguire Plaza","","China",22311
"Marion","Gilhouley",7787183111,"gilhouley24@printfriendly.com","2136 Acker Point","436 03","Czech Republic",39433
"Curr","Jaksic",9442156653,"jaksic25@over-blog.com","370 Arkansas Court","","China",41831
"Harlen","Augur",4362739843,"augur26@devhub.com","5 Donald Park","646800","Russia",59832
"Lee","Summerlie",9994764083,"summerlie27@aboutads.info","782 Milwaukee Plaza","","China",46130
"Minerva","Crickett",3272558585,"crickett28@chronoengine.com","4 Butternut Court","","Indonesia",14843
"Austen","Heskin",7136445242,"heskin29@weather.com","72526 Hauk Point","1217","Philippines",52532
"Shannon","Bertomieu",8489221666,"bertomieu2a@parallels.com","9 Mandrake Point","5070-227","Portugal",
"Raymond","Stithe",8505296866,"stithe2b@ehow.com","04 Fairfield Drive","","China",46662
"Gilburt","Caldroni",7443298842,,"9 Fallview Street","20551","Malaysia",74695
"Beverlee","Tommasi",1991302689,"tommasi2d@unc.edu","9776 Arapahoe Lane","","Lebanon",79676
"Charmain","Speedy",1611404750,"speedy2e@github.com",,"689400","Russia",68464
"Mack","Meekings",5707953105,"meekings2f@imageshack.us","4566 Gina Street","","Serbia",65027
"Jacqueline","Wimmer",3945772824,"wimmer2g@yellowbook.com","6756 Myrtle Hill","56-200","Poland",51209
"Nanice","Antonomolii",2704879579,,"1 Burning Wood Avenue","677-0043","Japan",84908
"Rosalyn","Week",4142632251,"week2i@canalblog.com","7558 Menomonie Circle","","Iran",11842
"Darren","Arcase",2505860099,"arcase2j@sbwire.com","0273 Algoma Center","67-410","Poland",12745
"Danielle","Rowan",4363130776,"rowan2k@si.edu","1 Haas Plaza","","Vietnam",74292
"Feliks","Emblow",3684689840,"emblow2l@parallels.com","08 Sutteridge Crossing","8420","Philippines",33101
"Deerdre","Bowshire",5262806518,"bowshire2m@tripod.com","5 Bartillon Terrace","","Ukraine",19994
"Arnoldo","Dyer",1664417426,"dyer2n@google.ca","3 Thompson Parkway","4436","Philippines",39393
"Lutero","Tillerton",9089014485,"tillerton2o@topsy.com","41239 North Pass","","Indonesia",33131
"Lesly","Somerscales",8049250502,"somerscales2p@guardian.co.uk","436 Del Sol Drive","22111","United States",16471
"Daffi","Itzakovitz",9364772025,"itzakovitz2q@alexa.com","84 Shasta Trail","889-1912","Japan",49655
"Barr","Jordi",7632384678,"jordi2r@auda.org.au","339 Orin Pass","92974 CEDEX","France",59354
"Gwendolyn","Giddins",6501529152,"giddins2s@bing.com","8667 Waubesa Plaza","79021 CEDEX","France",30858
"Devy","Monksfield",9054217926,"monksfield2t@statcounter.com",,"","Nigeria",99719
"Casar","Huchot",4716306758,"huchot2u@pcworld.com","312 Dayton Avenue","4485-005","Portugal",86817
"Korella","Bridgstock",5098387206,"bridgstock2v@cdc.gov","47 Waxwing Road","","Swaziland",74804
"Jeniffer","Woodlands",2976884909,"woodlands2w@goo.ne.jp","5622 Thierer Junction","T9N","Canada",43943
"Cornela","Griffitt",1728260013,"griffitt2x@ow.ly","18623 Bluestem Point","","China",39960
"Vin","Andreazzi",7122892375,"andreazzi2y@sciencedaily.com","357 Westerfield Alley","07600-000","Brazil",75761
"Linnell","Yarnley",9692091377,"yarnley2z@spiegel.de",,"9019","Philippines",19006
"Orion","Nise",7442378443,"nise30@usda.gov","23650 Corscot Place","","China",
"Red","Fowkes",5839257609,"fowkes31@meetup.com","982 Steensland Alley","299-4128","Japan",32216
"Maurise","Dalgleish",9344365428,"dalgleish32@fema.gov","2 4th Hill","7005-719","Portugal",26270
"Stella","Shovel",8623284860,"shovel33@java.com","985 Crest Line Avenue","","China",33765
"Billi","Kierans",2436414276,"kierans34@telegraph.co.uk","9217 Kinsman Lane","","China",46013
"Jo-ann","Shillingford",4208842229,"shillingford35@foxnews.com","1 Green Ridge Place","","Mali",73537
,"Kilgallon",8478005013,"kkilgallon36@cdc.gov","39 Mockingbird Court","4508","Philippines",59524
"Chryste","D'Ambrosio",9648479350,"dambrosio37@ebay.com","077 Center Drive","","Indonesia",79160
"Roz","Rotherforth",2826242780,"rotherforth38@uiuc.edu","04 Bashford Pass","","Azerbaijan",29875
"Muffin","Oakshott",5845580992,"oakshott39@apple.com","27700 Clemons Junction","","China",81892
"Norrie","Danilewicz",9011095894,"danilewicz3a@xinhuanet.com","5791 Butterfield Pass","","Indonesia",19824
"Fidole","Tremollet",8313134009,"tremollet3b@eventbrite.com","867 Caliangt Road","931 77","Sweden",89759
"Ram","Cauderlie",9364254618,"cauderlie3c@creativecommons.org","25 Summer Ridge Junction","29285-000","Brazil",46155
"Kitty","Partington",8081451559,"partington3d@aol.com","268 Merrick Park","","China",
"Glynnis","Forgie",4359327917,"forgie3e@dagondesign.com","7595 John Wall Point","","China",44176
"Ingrim","Crosskell",8351956037,"crosskell3f@skyrock.com","9 Schiller Place","31000","Croatia",62115
"Auberon","Neylan",3826891708,"neylan3g@hibu.com","27903 Talmadge Park","","Jamaica",94499
"Marney","Reek",7717786041,"reek3h@i2i.jp","72 Ilene Circle","408-0021","Japan",23718
"Brennan","Colquit",,"colquit3i@flickr.com","2513 Forest Run Avenue","4620-729","Portugal",45905
"Georgia","Odhams",3212599450,"odhams3j@bloomberg.com","2914 Lakewood Gardens Way","","Indonesia",35485
"Cosmo","Dollen",2461154623,"dollen3k@tripadvisor.com","69926 Delladonna Drive","21005","Guatemala",18238
"Lyn","Brothwood",6478123874,"brothwood3l@cafepress.com","2 Transport Place","","China",32003
"Raimondo","Caraher",6588009402,"caraher3m@berkeley.edu","7112 Corben Circle","","Samoa",96325
"Gerrie","Vertigan",6439690222,"vertigan3n@mashable.com","170 Schiller Parkway","","China",10372
"Aleta","Noto",8501875302,"noto3o@reddit.com","56847 Mockingbird Crossing","","Guinea-Bissau",35081
"Sigismondo","Lattos",2529520982,"lattos3p@reference.com","83 Eggendart Center","","China",90358
"Bibbie","Osan",6301578888,"osan3q@amazon.co.uk","014 Ridgeview Center","60567","United States",73690
"Ludovico","Prinett",9386403330,"prinett3r@mapquest.com","72 Anzinger Lane","","China",64732
"Rosanne","Orrock",7832211303,"orrock3s@pbs.org","20207 Ronald Regan Alley","22339","Germany",63197
"Bertie","Leeuwerink",3479084637,"leeuwerink3t@engadget.com","344 Vahlen Trail","","Turkmenistan",48727
"Willette","Castagneri",3783443958,"castagneri3u@hp.com","43812 Union Place","2752","Argentina",78186
"Yetty","Pocknell",5564434381,"pocknell3v@fda.gov","328 Fallview Lane","","Bahrain",20363
"Sidnee","Smitheram",7502764856,"smitheram3w@ustream.tv","81713 East Parkway","","Indonesia",46051
"Yoko","Harrild",2389962340,"harrild3x@biblegateway.com","5889 Westend Way","46-040","Poland",35356
"Kimberlee","Milne",5445357540,"milne3y@arizona.edu","501 Bonner Parkway","","Kenya",40554
,"Giles",8637938827,"mgiles3z@qq.com","80 Crest Line Terrace","52204 CEDEX","France",32011
"Rudd","Sandercock",7396509971,"sandercock40@wp.com","856 Village Green Circle","","Iran",63986
,"Chastney",7821240871,"kchastney41@joomla.org","07865 Kensington Street","","Indonesia",88472
"Bendite","Davis",1309385154,"davis42@bizjournals.com","3232 Birchwood Terrace","","Uzbekistan",75928
"Dare","Edwin",7485042530,"edwin43@apple.com","917 Anderson Crossing","51005","Spain",34696
"Amble","Marston",9177655466,"marston44@usgs.gov","52 Everett Court","","Morocco",76014
"Bartie","Cud",8169227216,"cud45@indiegogo.com","99 Morrow Center","64130","United States",
"Ami","Drinkall",9885184974,"drinkall46@ted.com","58175 Cody Center","58310-000","Brazil",86469
"Franklyn","Riccelli",5884885205,"riccelli47@tripadvisor.com","4902 Tennessee Drive","6354","Argentina",66663
"Gib","Ingerson",8637774723,"ingerson48@ed.gov","7 Canary Lane","","Indonesia",23373
"Gabriela","Stening",1108978179,"stening49@mac.com","7 Swallow Plaza","","Honduras",96881
"Tallie","Delf",7045003802,"delf4a@liveinternet.ru","6 Leroy Plaza","","Mozambique",90183
"Claude","Western",3282287055,"western4b@umn.edu","45 Fisk Alley","","China",96981
"Lilith","Vedenisov",1454445936,"vedenisov4c@wordpress.org","27472 Rieder Trail","","Greece",99096
"Perla","Tonner",2333750767,"tonner4d@dedecms.com","1553 Buhler Trail","02323 CEDEX","France",75404
"Roman","Mariner",1936256799,"mariner4e@dagondesign.com","03 Veith Crossing","8040","Bangladesh",19632
"Barry","Gerhold",4864476942,"gerhold4f@apache.org","847 Lotheville Drive","","Honduras",70037
"Monroe","Yusupov",6362372828,"yusupov4g@nhs.uk","78031 Riverside Lane","","China",17379
"Adrian","Dubois",5159032924,"dubois4h@google.ru","64 Atwood Place","","Indonesia",51598
"Vilhelmina","Buard",1047910008,"buard4i@salon.com","10997 Oak Park","08-109","Poland",78612
"Brad","Maddie",9447015289,"maddie4j@hibu.com","49257 Mosinee Junction","","Indonesia",68877
"Merla","Rudgerd",7274819233,"rudgerd4k@hugedomains.com","91 Ohio Pass","","China",61824
"Gilbertine","Dobbs",6784800628,"dobbs4l@comcast.net",,"68800-000","Brazil",83001
"Hamil","Willshire",7406369237,"willshire4m@mediafire.com","72 Hintze Road","12027","Guatemala",48952
"Wenona","Castelow",2832177412,"castelow4n@istockphoto.com","2288 Eagle Crest Road","92083 CEDEX","France",39724
,"Haythornthwaite",8885300443,"mhaythornthwaite4o@dagondesign.com","5756 Vernon Lane","","Panama",61708
"Godfry","Scholar",1772481812,"scholar4p@time.com","07 Waxwing Plaza","","Armenia",79652
"Roger","Parnby",5193286490,"parnby4q@google.ca","55911 Randy Terrace","349-0218","Japan",87145
"Jervis","Golledge",6628975783,"golledge4r@ow.ly","30825 Victoria Crossing","","Indonesia",19445
"Dosi","Rance",1977527156,"rance4s@baidu.com","4951 Main Drive","5810","Philippines",34659
"Biddie","Pinch",2873208167,,"88 Starling Crossing","","China",46793
"Winnifred","Skipp",4523363527,"skipp4u@sitemeter.com","2399 Mesta Circle","31140","Thailand",97473
"Bryn","Crosetto",4757837471,"crosetto4v@google.com.au","884 Hazelcrest Alley","","China",12229
"Jarvis","Tratton",6044366801,"tratton4w@i2i.jp","4 Onsgard Hill","0277","South Africa",17040
"Seymour","McFayden",8948330518,"mcfayden4x@dailymotion.com","953 Basil Park","","Ukraine",37365
"Cristie","Paullin",3302693630,"paullin4y@washington.edu","3660 Sauthoff Drive",,"Indonesia",18702
"Riannon","Lovewell",9113156568,"lovewell4z@com.com","05 Westport Avenue","","China",85279
"Maggie","Freezer",6631222629,"freezer50@yahoo.co.jp","30 Heffernan Lane","4940-206","Portugal",71671
"Lennie","Bootland",8988105967,"bootland51@mozilla.org","18 Manley Trail","5309","Philippines",21000
"Hetti","Luckin",4827892137,"luckin52@msn.com","5345 Mockingbird Street","","Indonesia",15954
"Myles","Bothram",6862570909,"bothram53@digg.com","6 Arrowood Street","38354 CEDEX","France",36777
"Sharyl","Weekley",4661967606,"weekley54@europa.eu","292 Golf View Terrace","42-311","Poland",61872
"Bryanty","Tromans",1893240630,"tromans55@tamu.edu","94 Canary Trail","347252","Russia",72859
"Binnie","Guisler",7335434499,"guisler56@zimbio.com","6 Kennedy Trail","","China",58416
"Wilfrid","Dinley",5149259368,"dinley57@google.com","4 Oakridge Avenue","155 33","Sweden",50891
"Dominik","Camock",3686260999,"camock58@jugem.jp","211 Duke Terrace","242315","Russia",
"Gelya","Stailey",6628973502,"stailey59@wisc.edu","576 Dovetail Point","114 24","Sweden",44856
"Nealon","Baggiani",7725495202,"baggiani5a@nba.com","886 Forster Drive","","Nigeria",88770
"Lindsey","Stuckford",6527264480,"stuckford5b@tumblr.com",,"","Kazakhstan",97260
"Khalil","Bonnaire",,"bonnaire5c@drupal.org","8699 Waywood Trail","58404 CEDEX","France",75265
"Estel","Pires",6488755983,"pires5d@creativecommons.org","295 Mcbride Circle","","Indonesia",57374
"Danya","Bothams",1586062280,"bothams5e@abc.net.au","5 Daystar Avenue","44245-000","Brazil",14049
"Louis","Jackson",5467955484,"jackson5f@wufoo.com","3468 Annamark Terrace","","Ukraine",36233
"Julissa","Lafuente",8125571071,"lafuente5g@1688.com","782 Claremont Junction","62193 CEDEX","France",70703
"Naoma","Moralee",5019587491,"moralee5h@omniture.com","25 5th Lane","","Iran",39374
"Hillary","Parrott",4128455678,"parrott5i@zimbio.com","366 Ridge Oak Hill","","Chile",88424
"Khalil","Gallico",8065957205,"gallico5j@google.com","2561 Kings Center","731027","Colombia",41122
"Cliff","McOmish",6195555160,"mcomish5k@nytimes.com","7238 Birchwood Way","97-217","Poland",96272
"Ange","Froggatt",6826757553,"froggatt5l@acquirethisname.com","883 Birchwood Place","","Indonesia",17598
"Dimitry","MacTurlough",7571482823,"macturlough5m@dot.gov","01 Thompson Junction","23454","United States",59875
"Granville","Casajuana",4788194488,"casajuana5n@craigslist.org","10 Helena Center","","China",23316
"Willow","Rosewall",3018924892,"rosewall5o@bloglines.com","53 Anderson Terrace","","China",59514
"Romy","Jaye",8273283371,"jaye5p@amazon.de","5 Mandrake Junction","","China",73223
"Clarisse","Gillott",4047963959,"gillott5q@tiny.cc","4 Northport Lane","","China",90956
"Feodora","Winser",1756069132,"winser5r@twitter.com","977 Blackbird Trail","J7J","Canada",31846
"Lishe","Grigoriscu",7349975701,"grigoriscu5s@sourceforge.net","7182 Shoshone Junction","301439","Russia",89953
"Trude","Strong",7735936032,"strong5t@imageshack.us","15651 American Ash Terrace","","Libya",58436
"Mart","Turville",1477149093,"turville5u@privacy.gov.au","65 Ludington Street","17009","Guatemala",75355
"Earl","MacGaughie",6759488471,"macgaughie5v@shareasale.com","38 3rd Point","76304 CEDEX","France",
"Myron","Gracey",2592668847,"gracey5w@usgs.gov","28966 Ohio Trail","788 33","Czech Republic",42663
"Eachelle","Firmin",4159376425,"firmin5x@youku.com","11 Namekagon Avenue","","China",87353
"Nadeen","Caygill",5363788905,"caygill5y@ft.com","2352 Monument Trail","","China",77335
"Dorrie","Syme",4579831448,"syme5z@homestead.com",,"","Greece",42370
"Alessandro","Hodinton",3912764637,"hodinton60@soundcloud.com","5496 Haas Point","37129","Italy",65349
"Callean","Nevins",9155454436,"nevins61@nih.gov","897 Mallard Court","36-230","Poland",30435
"Kellsie","Scranedge",4338853667,"scranedge62@ovh.net","451 Heath Hill","","Greece",67978
"Terence","Biskupek",4486680928,"biskupek63@tripod.com","001 Sommers Road","11878 CEDEX 9","France",93596
"Howard","Canadas",1836532915,"canadas64@washington.edu",,"68900-000","Brazil",56757
"Phip","Stapley",6918713728,"stapley65@studiopress.com","2548 Independence Terrace","","China",78382
"Cobby","Tulk",2067455165,"tulk66@booking.com","5850 Iowa Way","","Indonesia",88605
"Shandy","Harker",8204301800,"harker67@cdc.gov","71 Canary Trail","385274","Russia",18504
"Nicholle","Adriaens",9584018195,"adriaens68@rakuten.co.jp","9 Erie Avenue","","China",19781
"Loleta","Leverton",3354517382,"leverton69@icio.us","9 Pawling Crossing","","Cuba",45349
"Mattias","Schoroder",2876221106,"schoroder6a@pcworld.com","81654 Old Shore Street","","China",82069
"Marcus","Millichip",7208321983,"millichip6b@springer.com","8679 Glendale Hill","","Indonesia",19010
"Livia","Hurche",1426010833,"hurche6c@fastcompany.com","0 Esker Street","","Georgia",95433
"Garrett","Lindman",2394538310,"lindman6d@bbc.co.uk","0 Independence Park","","El Salvador",87203
"Corrie","Guilford",4477014408,"guilford6e@macromedia.com","2932 Brentwood Trail","574-0072","Japan",66224
"Oliviero","Blabie",5311260607,"blabie6f@globo.com","6352 Schiller Pass","","China",94408
"Ronalda","Ledgerton",5989708281,"ledgerton6g@amazon.co.uk","38 Spaight Plaza","05-311","Poland",12478
"Cindelyn","Dowzell",9119576392,"dowzell6h@fema.gov","59416 Mendota Hill","","China",42961
"Sumner","Devall",1188721167,"devall6i@virginia.edu","6 Fair Oaks Alley","63504 CEDEX","France",96949
"Gannie","Alf",3569739532,"alf6j@hhs.gov","589 Warner Junction","","Indonesia",10920
"Antonina","Goodrick",2712341170,"goodrick6k@google.pl","8432 Debra Street","34-350","Poland",26949
"Joelie","Spackman",6258347521,"spackman6l@youtu.be","2 Saint Paul Avenue","","South Korea",81986
"Ermengarde","Sessions",1041485834,"sessions6m@globo.com","163 2nd Circle","103 50","Sweden",16931
"Corri","Morrieson",,"morrieson6n@scientificamerican.com","0 Holmberg Park","9210","Bangladesh",68134
"Emmy","Cotmore",8693798167,"cotmore6o@wp.com","467 Kenwood Place","","China",91324
"Paolina","Fratczak",7318270789,"fratczak6p@ca.gov","955 Sutteridge Lane","","China",73299
"Rog","Biggerstaff",3901534306,"biggerstaff6q@aol.com","77214 Chive Trail","","China",25592
"Tailor","Brelsford",3777524237,"brelsford6r@purevolume.com","5 Butternut Circle","","China",92865
"Damien","Guenther",,"guenther6s@msn.com","573 Butterfield Trail","3100","Philippines",13251
"Reuben","Redhole",6833517676,"redhole6t@java.com","92 Oak Valley Trail","93995","Mexico",32377
"Joseph","Charopen",9883317856,"charopen6u@dedecms.com","99797 American Drive","","Myanmar",90668
"Viva","Larby",3826079753,"larby6v@scientificamerican.com","79148 Armistice Drive","","Ecuador",84154
"Willabella","Siret",8448291923,"siret6w@feedburner.com","1560 6th Crossing","36-062","Poland",27995
"Bernetta","Piesing",4016921978,"piesing6x@cafepress.com","7947 Knutson Point","2907","Philippines",82342
"Neila","Willcock",7858390962,"willcock6y@unesco.org","231 Katie Terrace","25129","Italy",70941
"Thomasa","Preon",8039609774,"preon6z@businesswire.com","0970 Stoughton Way","","Kyrgyzstan",39685
"Jessey","Glassard",3237738613,"glassard70@sciencedirect.com","1097 Autumn Leaf Trail","","Bonaire, Saint Eustatius and Saba ",94453
"Early","Daldry",2246054178,"daldry71@washingtonpost.com","49 Grover Street","","Albania",25572
,"Mallaby",7243363477,"amallaby72@tinyurl.com","539 Aberg Lane","153007","Colombia",75174
"Prisca","Twaits",2692514213,"twaits73@studiopress.com","89540 Ridgeview Circle","","China",38613
"Magdalena","Dudney",2939597253,"dudney74@uiuc.edu","23 Ruskin Alley","","China",37223
"Rozella","Maile",1501047200,"maile75@huffingtonpost.com","8754 Pepper Wood Crossing","","Cuba",37678
"Jami","Kubasiewicz",8186725091,"kubasiewicz76@so-net.ne.jp","07015 Killdeer Place","2252","Slovenia",95032
"Lib","Barlow",8182718112,"barlow77@theatlantic.com","0 Fieldstone Junction","952-1203","Japan",20572
"Annabelle","Brucker",6332891903,"brucker78@ustream.tv","23544 Summer Ridge Hill","","South Korea",20720
"Rebekah","Orford",5839097937,"orford79@freewebs.com","90 Forster Street","13920-000","Brazil",63674
"Dacia","A'Barrow",3885127729,"abarrow7a@army.mil","1 Leroy Parkway","","Indonesia",33228
"Elfrida","Soro",8297758992,"soro7b@ftc.gov","2 Derek Hill",,"Philippines",14927
"Ryann","Parratt",3895546447,"parratt7c@jalbum.net","6 Oneill Street","","Indonesia",27330
"Gawain","Wickens",1136674692,"wickens7d@baidu.com","419 Esch Junction","","Indonesia",65068
"Marchelle","Gimber",3447400281,"gimber7e@usatoday.com","24286 Riverside Street","361515","Russia",83438
"Roxy","Lyttle",6319896273,"lyttle7f@wix.com","92 Maryland Road","","Syria",90243
"Elise",,1778414002,"melsom7g@opera.com","9085 Nelson Avenue","","Honduras",20883
"Hali","Snowden",,"snowden7h@usnews.com","562 Artisan Parkway","426-0025","Japan",78276
"Putnam","Poynser",5685847543,"poynser7i@theguardian.com","9960 Erie Hill","2203","Philippines",30818
"Zacharie","Fancourt",8305076462,"fancourt7j@springer.com","778 Ohio Center","","Indonesia",27410
"Claude","Crunkhorn",9762230436,"crunkhorn7k@phpbb.com","73674 Charing Cross Avenue","","China",15486
"Joyce","Gaynor",3801988817,"gaynor7l@plala.or.jp","9640 Hazelcrest Junction","","Indonesia",38979
"Craggie","Courson",7395722729,"courson7m@deliciousdays.com","12618 Pepper Wood Terrace","","Kenya",19726
"Jerrie","Bayns",1536269449,"bayns7n@wikipedia.org","2 Atwood Park","","Myanmar",23102
"Francyne","O'dell",3368109749,"odell7o@typepad.com","54 Sloan Pass","","Libya",87660
"Johna","Bellamy",5603612773,"bellamy7p@phoca.cz","3653 Arrowood Hill","3505-209","Portugal",82674
"Brooks","Walster",9146433678,"walster7q@dell.com","94147 Scofield Point","6337","Philippines",24175
"Ibbie","Jills",9957079369,"jills7r@utexas.edu","6 Forest Dale Park","","China",32432
"Cherida","Mitchall",4805832011,"mitchall7s@umn.edu","3641 Birchwood Lane","85205","United States",84128
"Benny","Frangleton",8986493639,"frangleton7t@skype.com","0 Petterle Circle","665302","Russia",88028
"Neile","Matczak",4613301765,"matczak7u@studiopress.com","9 Colorado Road","0801","Philippines",39440
"Iolande","Bode",6343271836,"bode7v@acquirethisname.com","543 Washington Hill","9215","Philippines",85359
"Cherilyn","Russe",9838443843,"russe7w@unc.edu","39665 Ruskin Way","6210","Philippines",83137
"Ardyce","Fowden",6378914441,"fowden7x@webeden.co.uk","91 North Center","3107","Philippines",31104
"Gideon","Sines",8282740067,"sines7y@marketwatch.com","99823 Pond Circle","675 55","Czech Republic",86208
"Karla","Dullingham",9924245048,"dullingham7z@microsoft.com","186 Northridge Alley","","Uganda",54598
"Kari",,1103029370,"pirdy80@state.gov","0901 Starling Center","","China",46671
"Travers","Gerritsma",8658655906,"gerritsma81@businesswire.com","16 Buell Center","","Lebanon",62419
"Krystal","Hovy",5823109595,"hovy82@github.com","49577 Fallview Street","","China",99306
"Joshia",,3177598022,"gretton83@ameblo.jp","879 Moland Road","","Indonesia",80103
"Giorgi","Luxmoore",8119657218,"luxmoore84@si.edu",,"624030","Russia",83002
"Leilah","Dowsett",1569330642,"dowsett85@fotki.com","95 Ohio Trail","2254","Slovenia",27115
"Cecilio","Figures",6977675357,"figures86@mlb.com","9027 Cascade Hill","","China",29344
"Rebecka","Iban",2908129703,"iban87@discovery.com","51 Dawn Hill","83-050","Poland",81934
"Nicholle","Ainley",2208075463,"ainley88@state.gov","111 Forster Park","","Jordan",56356
"Allix","Peschke",9055391129,"peschke89@pbs.org","1 Fieldstone Parkway","","China",76273
"Rozele","Demanche",5607179046,"demanche8a@oaic.gov.au","2387 Heffernan Junction","5007","Norway",13105
"Munmro","Sawyer",4359924867,"sawyer8b@wikia.com","71 Talmadge Pass","425 33","Sweden",28563
"Bendix","MacRory",7819924516,"macrory8c@nifty.com","57164 Clove Trail","","China",26248
"Milka","Grunnell",6688651470,"grunnell8d@altervista.org","617 Morning Terrace","1241","Slovenia",76769
"Ainsley","Werlock",7832093554,"werlock8e@dyndns.org","3 7th Trail","","Indonesia",92738
"Barnett","Cade",2081176167,"cade8f@bizjournals.com","43 Porter Plaza","11860 CEDEX 9","France",27739
"Maryellen","Freschi",5515038313,"freschi8g@who.int","52246 Garrison Avenue","","Ukraine",79982
"Maribeth","Ronald",4418443652,"ronald8h@google.com.au","83 Shopko Point","","China",43122
"Mechelle","Gerard",7438128496,"gerard8i@wix.com",,"","Haiti",77670
"Vinita","Bernardeschi",6127985740,"bernardeschi8j@auda.org.au","00 Cordelia Pass","","Armenia",87567
"Fianna","Salliss",1627206211,"salliss8k@scribd.com","935 Kinsman Way","","China",63070
"Frederico","Thibodeaux",7713443070,"thibodeaux8l@omniture.com","61 Linden Pass","","Indonesia",62707
"Lazaro","Armand",9889104390,"armand8m@netvibes.com","87 Main Place","32251","Croatia",40574
"Rick","Thies",6977641838,"thies8n@wikipedia.org","6 Kenwood Hill","","China",56432
"Aubree","Shelmerdine",4312516182,"shelmerdine8o@example.com",,"","China",61411
"Reese","Betchley",1975113935,"betchley8p@hostgator.com","08 Golf Drive","","Indonesia",20900
"Iormina","Boat",1919273867,"boat8q@webnode.com","264 Merry Plaza","","China",72831
"Flora","Wimlet",6849863881,"wimlet8r@wunderground.com","133 Fairview Park","","Chile",34021
"Edmon","Pettingill",7332322665,"pettingill8s@skyrock.com","0 Hanson Parkway","307251","Russia",39681
"Welsh","Tincombe",,"tincombe8t@mashable.com","03 Southridge Junction","396458","Russia",22351
"Honey","Addess",8361555455,"addess8u@cafepress.com","02183 Hazelcrest Lane","2140-514","Portugal",63738
"Maximo","Pepperrall",4074878360,"pepperrall8v@icq.com","38432 Drewry Lane","","Indonesia",89423
"Lilah","Sterndale",7726210511,"sterndale8w@wix.com","8 Anniversary Court","","Indonesia",90453
"Virge","Twopenny",3694158746,"twopenny8x@whitehouse.gov","47 Ruskin Lane","","Indonesia",15013
"Norby","Maria",8168914843,"maria8y@acquirethisname.com","445 Fordem Drive","31225","Croatia",98970
"Monika","Fife",1129914609,"fife8z@rakuten.co.jp","31 Mendota Way","243371","Russia",99404
"Alessandro","Greser",9633291610,"greser90@moonfruit.com","45261 Starling Place","665670","Russia",41509
"Spencer","Eastway",4517983163,"eastway91@gmpg.org","6574 3rd Park","21051 CEDEX","France",70810
,"Twentyman",7617161378,"ctwentyman92@zimbio.com","26 Dapin Terrace","","China",93935
"Chaddy","Harhoff",2763819517,"harhoff93@engadget.com","6 Anthes Court","","China",57423
"Lorry","Denyukin",1241144126,"denyukin94@biglobe.ne.jp","5 Gateway Hill","29193 CEDEX","France",41650
"Kittie","Woodberry",7833560857,"woodberry95@hp.com","4 Westridge Terrace","","China",89467
"Ruy","Spight",1574176664,"spight96@indiegogo.com","28 Maple Park","8130","Bangladesh",26220
"Car","Kollaschek",3848999218,"kollaschek97@example.com","7019 Pleasure Circle","56-306","Poland",68237
"Arnold","Phear",9582655824,"phear98@foxnews.com","6 Vera Terrace","37160-000","Brazil",22309
"Noby","Muckeen",1019678316,"muckeen99@delicious.com","39063 Oak Circle","44159 CEDEX","France",19288
"Tyson","Banbrook",,"banbrook9a@samsung.com","58749 Holmberg Junction","197720","Russia",43890
"Audie","Schober",6148466359,"schober9b@joomla.org","5118 Division Hill","","Ukraine",42320
"Alejandrina","Egglestone",5464994692,"egglestone9c@admin.ch","116 Maryland Avenue","14019","Guatemala",36611
"Sim","Adamovicz",2564122716,"adamovicz9d@utexas.edu","96488 Onsgard Park","","Vietnam",37742
"Brodie","Pudsey",4868608720,"pudsey9e@narod.ru","50219 Golf Place","","China",69339
"Jessika","Janikowski",4081372379,"janikowski9f@nydailynews.com","31847 Birchwood Avenue","78700-000","Brazil",57981
"Leena","Gooch",9097249711,"gooch9g@php.net","7 Debs Street","3865-105","Portugal",98911
,"Faire",4234718867,"gfaire9h@bing.com","71828 Texas Alley","","Greece",75500
"Humfrid","Swindlehurst",4644290823,"swindlehurst9i@163.com","4244 Claremont Way","","China",36136
"Jacobo","Strettle",2753120867,"strettle9j@seattletimes.com","7 Prairie Rose Road","36200-000","Brazil",73684
"Gonzalo","Issac",2417923421,"issac9k@adobe.com","3478 Hanover Point","","Peru",53586
"Gabi","Keeley",7116857103,"keeley9l@clickbank.net","2188 Monica Terrace","2417","Philippines",91187
"Gavrielle","Whittet",6334927177,"whittet9m@go.com","776 Buena Vista Road",,"Argentina",91762
"Corena","Rallinshaw",7329464864,"rallinshaw9n@geocities.jp","093 Starling Parkway","056077","Colombia",91304
"Georgianna","Stebbins",7048287613,"stebbins9o@oracle.com","4 Swallow Junction","95011 CEDEX","France",91272
"Yehudi","McCluin",7038109416,"mccluin9p@symantec.com","52987 Miller Circle","","China",
"Judye","Walls",3255579520,"walls9q@zdnet.com","94479 Ridgeview Lane","309509","Russia",26640
"Tania","Longbottom",5375084133,"longbottom9r@cyberchimps.com","042 2nd Trail","14016","Guatemala",80269
"Tilda","Plenty",7051805891,"plenty9s@usgs.gov","8265 Lyons Way","","China",57215
"Cass","Dalla",7815437973,"dalla9t@google.ca","8007 Talisman Junction","","China",87960
"Harland","Lippi",8198602573,"lippi9u@miitbeian.gov.cn","4651 Pine View Junction","2437","Philippines",58752
"Rolfe","Humble",9286620924,"humble9v@vinaora.com","241 Dunning Plaza","356235","Russia",90931
"Daniel","Graver",8082468136,,"6 Sherman Crossing","K67","Ireland",81198
"Dayna","Le Estut",3607299885,"leestut9x@ameblo.jp","744 Mendota Terrace","391625","Russia",47573
"Armand","Scarrisbrick",9307018948,"scarrisbrick9y@auda.org.au","7608 Sachs Street","5350-064","Portugal",59324
"Putnam","Spirritt",5942725285,"spirritt9z@dmoz.org","5 Rowland Trail","29795-000","Brazil",16339
,"Lefort",9701070815,"rleforta0@eepurl.com","2 Delladonna Road","","China",94100
"Panchito","Biaggioni",4902726739,"biaggionia1@storify.com","465 Sachs Alley","","Bosnia and Herzegovina",
"Imogene","Fidele",2607810066,"fidelea2@google.nl","203 Homewood Street","","Kosovo",63754
"Cathleen","Brettor",1503103505,"brettora3@cargocollective.com","7685 Ludington Point","","Peru",87069
"Jacquelynn","Bartlet",7449468654,"bartleta4@illinois.edu","936 Nelson Center","","China",39315
"Agnola","Cloonan",6758104983,"cloonana5@taobao.com",,"822 30","Sweden",98223
"Ashley","Bowie",8979027242,"bowiea6@blogger.com","45487 West Plaza","92665 CEDEX","France",84552
"Dewie","Kerrigan",3783466727,"kerrigana7@samsung.com","5 Red Cloud Center","","Indonesia",41716
"Rita","Craggs",4556577427,"craggsa8@webs.com","5963 Kings Street",,"Tanzania",55162
"Myrvyn","Pickersgill",8864419888,"pickersgilla9@harvard.edu","9 American Ash Street","","Palestinian Territory",70349
"Weidar","Binns",3513744670,"binnsaa@histats.com","76 Springview Lane","","Indonesia",63616
"Pru","Giacubbo",5565221532,"giacubboab@icio.us","554 Surrey Terrace","141650","Russia",46280
"Theodosia","Lill",4718179057,"lillac@com.com","212 Elka Trail","","China",46825
"Emanuel","Driussi",9616665018,"driussiad@imgur.com","6758 Loeprich Court","32-222","Poland",95295
"Christian","McCuish",4002760327,"mccuishae@ifeng.com","2 Main Place","","Indonesia",73747
,"Stampfer",3701452138,"hstampferaf@merriam-webster.com","296 Arapahoe Terrace","851078","Colombia",79898
"Obed","McGaughey",9297939492,"mcgaugheyag@digg.com","96788 Sunnyside Court","","Indonesia",67201
"Annice","Penzer",1916222735,"penzerah@tripod.com","8738 Waywood Circle","","Indonesia",38587
"Aurlie","Coonihan",9375176257,"coonihanai@phoca.cz","9828 Lakeland Pass","","Mongolia",79519
"Jeremiah","Wagge",6782690173,"waggeaj@wordpress.com","95 Maple Wood Trail","","Saudi Arabia",87057
"Joela","Spinas",4033262957,"spinasak@ehow.com","89 Independence Circle","28300-000","Brazil",45177
"Raddy","Golling",7666333897,"gollingal@earthlink.net","5086 Harbort Place","6109","Philippines",10899
"Magdalen","Franklyn",9062105796,"franklynam@dailymotion.com","3222 Mesta Street","","Kenya",39281
"Felicity","Bisset",4824869293,"bissetan@homestead.com","60 Butterfield Lane","","Indonesia",72283
"Haleigh","O'Hollegan",1302024686,"oholleganao@google.co.jp","6 Washington Pass","190","Iceland",86464
"Carleen","Hazeup",1861882936,"hazeupap@free.fr","8731 Hermina Plaza","","Israel",99980
"Nikita","Whether",3468958380,"whetheraq@vinaora.com","80136 Bayside Trail","","China",50817
"Maury","Lanney",2624729004,"lanneyar@webs.com","55 Hudson Plaza","7405","Philippines",12854
"Domini","Guerrin",7829589972,"guerrinas@msn.com","38 Armistice Trail","","Gambia",99500
"Elysee","Treend",4895469505,"treendat@tamu.edu","0 Claremont Center","361538","Russia",52512
"Brittne","Bow",1534724273,"bowau@berkeley.edu","414 Montana Road","","China",77207
"Eryn","Breazeall",,"breazeallav@imageshack.us","18142 Corben Center","5945","Argentina",91587
"Rosalynd","Jewitt",1251589081,"jewittaw@harvard.edu","73058 Kennedy Junction","6407","Philippines",92900
"Moll","Christoforou",9706058430,"christoforouax@wisc.edu","79384 Corry Trail","9214","Philippines",45382
"Darcee","Oultram",1723519540,"oultramay@who.int","8045 Fairfield Junction","35510-000","Brazil",76415
"Lilla","Scolland",5042975351,"scollandaz@wordpress.org","0 Portage Lane","24-160","Poland",67918
"Aube","De Bernardi",9195599504,"debernardib0@symantec.com","09 Sutherland Place","","Indonesia",85946
"Almeda","Brownsey",4019548173,"brownseyb1@usgs.gov","78371 Sunnyside Center","02912","United States",81107
"Tedd","Pebworth",9481132130,"pebworthb2@cafepress.com","87 Algoma Trail","284 92","Sweden",70842
"Cirilo","Copson",4255675935,"copsonb3@patch.com","07262 Kingsford Street","","Greece",42130
"Humfrid","Brack",6116658646,"brackb4@macromedia.com","62170 Waywood Trail","00152","Italy",28511
"Sheba","McKue",3603833338,"mckueb5@comsenz.com","79 Dahle Crossing","","China",30059
"Cordelia","Arrighetti",6846986933,"arrighettib6@hubpages.com","01012 Coleman Point","","Oman",71051
"Grace","Laba",6641274875,"labab7@pbs.org","26 Iowa Avenue","6711","Philippines",96422
,"Emms",4003377828,"aemmsb8@amazonaws.com","986 Kings Center","","Kosovo",51822
"Dulcea","Whitington",8757685299,"whitingtonb9@reuters.com","3 Michigan Alley","2745-005","Portugal",45151
"Barnett","Sudlow",6724523038,"sudlowba@posterous.com","9642 Golf Park","1301","South Africa",87592
"Barry","Atterley",7575554867,"atterleybb@symantec.com","621 Mcguire Plaza","","Uganda",20243
"Tommy","Spere",1391662217,"sperebc@google.de","335 Rieder Way","","Ukraine",42729
"Clarabelle","Teliga",6032716572,"teligabd@fema.gov","6833 Mayer Way","143015","Russia",98382
"Adore","Dmtrovic",2252157033,"dmtrovicbe@abc.net.au","0 Mayer Trail","","Iraq",45068
"Alfie","Holdron",7799171726,"holdronbf@cpanel.net","86424 Brentwood Court","2605-129","Portugal",23946
"Steffi","Gatecliffe",7536068383,"gatecliffebg@surveymonkey.com","40991 South Way","","China",33937
"Gina","Stallworthy",8798626955,"stallworthybh@earthlink.net","85 Almo Parkway","","China",24887
"Sheridan",,1862048834,"veiversbi@nhs.uk","35 Valley Edge Plaza","195069","Colombia",45834
"Jodi","Bickardike",1511030585,"bickardikebj@mashable.com","37 Lillian Point","","Greece",61471
"Daisey","Ryves",1658298224,"ryvesbk@tinypic.com","6 Huxley Way","","China",71619
"Dalila","Sleeman",6036645069,"sleemanbl@bizjournals.com","02 Main Junction","76600","France",17650
"Joane","Marvelley",8979003307,"marvelleybm@tuttocitta.it","92 Thackeray Pass","92401","Finland",18177
"Antonio","Ebdin",4152159193,"ebdinbn@wikipedia.org","0 Chive Alley","","China",60653
"Adel",,9262865187,"bovisbo@nydailynews.com","32283 Monterey Court","","Indonesia",32566
"Frasier","Kierans",7019921111,,"302 Westend Parkway","3316","Philippines",99200
"Dorey","Sail",7634747118,"sailbq@ovh.net","6 Springs Crossing","","China",78485
"Timoteo","Le Fevre",5028966723,"lefevrebr@gizmodo.com","199 Dixon Circle","","Mongolia",46734
"Edythe","Blundel",1463112313,"blundelbs@census.gov","07674 Spaight Pass","41220","Thailand",15789
"Waverly","Casaletto",6185371421,"casalettobt@homestead.com","417 Merrick Way","","Indonesia",72049
"Alick","Pasfield",3666147571,"pasfieldbu@yahoo.com","01 Sherman Avenue","","Indonesia",48257
"Chrystal","Dytham",8205024778,"dythambv@constantcontact.com","527 Hooker Trail","1293","Slovenia",31921
"David","Swate",2415215721,,"38 Elmside Lane","90018","Lithuania",86245
"Krystle","Taig",5191068417,"taigbx@cdbaby.com","954 Maryland Terrace","","Indonesia",67182
"Orrin","Kacheler",1526598418,"kachelerby@discovery.com","97 Morning Way","","Angola",41487
"Marlyn","Sponton",4606181677,"spontonbz@state.gov","28842 Bartelt Street","3364","Argentina",45274
"Addy","Olin",8297081145,"olinc0@fda.gov","47396 Crest Line Lane","43-384","Poland",82622
"Nicoli","Baudon",9301210957,"baudonc1@macromedia.com","0 Walton Court","","Sierra Leone",97193
"Carry","O' Quirk",3498754763,"oquirkc2@huffingtonpost.com","38226 Lillian Avenue","","Djibouti",38733
"Christophe","Orteau",8028308761,"orteauc3@narod.ru","879 Luster Avenue","","China",68691
"Christel","Badcock",3475576364,"badcockc4@virginia.edu","89605 Ridge Oak Way","34975 CEDEX","France",13743
"Annie","Lumb",6409721948,"lumbc5@gravatar.com","48 Cody Junction","","Afghanistan",63015
"Jacinta","Payne",3131695745,"paynec6@cafepress.com","2 Longview Trail",,"Canada",84222
"Niven","Jeannaud",6657114649,"jeannaudc7@gmpg.org","5 Harbort Avenue","70004 CEDEX","France",77694
"Kendrick","Cabel",7983296776,"cabelc8@lulu.com","6 Farmco Crossing","","China",76810
"Vite","Cragoe",4544643377,"cragoec9@diigo.com","445 Wayridge Parkway","","Azerbaijan",85473
"Flossie","Witherdon",4525598403,"witherdonca@4shared.com","4 Darwin Trail","","Peru",83131
"Mair","Whoston",4578171666,"whostoncb@canalblog.com","777 Miller Street","","Ukraine",82459
"Berkly","Stallon",5548747512,"stalloncc@mac.com","93660 Bluejay Point","","Palestinian Territory",84227
"Mart","Sollon",6767707349,"solloncd@imageshack.us","8 Forest Crossing","","China",76868
"Dorolisa","Goldsmith",7113319633,"goldsmithce@lycos.com","8 Summerview Street","","Indonesia",81788
"Jerrilee","Short",8101653847,"shortcf@squarespace.com","34360 Waubesa Crossing","8604","Netherlands",61831
"Theodora","Posten",7552980884,"postencg@360.cn","13 Rieder Alley","","China",22019
"Petrina","Sollowaye",1646428809,"sollowayech@indiegogo.com","3579 Transport Park","","Indonesia",51976
"Ardyth","Pratte",7704142020,"pratteci@ibm.com","11931 Duke Parkway","357560","Russia",79031
"Birgitta","Anselmi",6689413766,,"0 Kim Street","","China",15788
"Leland","Retallack",3296732853,"retallackck@sohu.com","4 La Follette Road","","Indonesia",59969
"Clerkclaude","Crossley",8276743946,"crossleycl@t.co","60 8th Park","","Mongolia",40531
"Jaye","Swannack",3739892730,"swannackcm@berkeley.edu","7 Vernon Court","","Indonesia",85817
"Jordon","Siege",8045820495,"siegecn@si.edu","46 Erie Lane","87900","Finland",78703
"Letty","Adamo",9448686023,,"4657 Johnson Pass","","Panama",
"Ilario","Wray",2319657418,"wraycp@t.co","7493 Evergreen Place","","China",17656
"Northrup","Forker",2601109942,"forkercq@google.pl","3 Glendale Avenue","46862","United States",70370
"Graig","Barczynski",7074511183,"barczynskicr@list-manage.com","2827 Delaware Park","93856","Mexico",87780
"Torre","Leither",7115968728,"leithercs@4shared.com","89517 Hanson Crossing","","China",94278
"Rena","Colhoun",8303693223,"colhounct@nasa.gov","0 Waywood Point","","Indonesia",88169
"Iago","Cryer",8591140428,"cryercu@sohu.com","043 Buell Circle","","Chile",96384
"Aldridge","Gero",1372424937,"gerocv@wordpress.com","3888 Eastlawn Plaza","","Syria",91141
"Marve","Antoniewicz",5265690948,,"113 Summit Crossing","","Vietnam",57225
"Cleo","Reddin",3227772934,"reddincx@arstechnica.com","41553 Cascade Pass","","Dominica",35453
"Raine","McMylor",4659581531,"mcmylorcy@soup.io","4 Scott Lane","","China",20001
"Fawnia",,4115725091,"benitezcz@eepurl.com","14 Marquette Road","18934 CEDEX 9","France",95172
"Decca","Maso",2798424900,"masod0@surveymonkey.com","173 Fairview Pass","141 53","Sweden",33809
"Ignace","Norcock",4306693177,"norcockd1@businessinsider.com","9478 Rusk Park","1933","South Africa",
"Kerby","Everington",5737885587,"everingtond2@unc.edu","75 Judy Place","","Indonesia",15722
"Muire","Daniello",3805948906,"daniellod3@buzzfeed.com","76759 Dennis Plaza","","Ukraine",25773
"Jereme","Burgoine",4743488255,"burgoined4@51.la","141 Lighthouse Bay Terrace","","Indonesia",80004
"Martina","Gatward",8844231588,"gatwardd5@ocn.ne.jp","8 Birchwood Drive","87018","Malaysia",13787
"Tobiah","Puncher",8544490179,"puncherd6@webeden.co.uk","448 Eggendart Place","","Tunisia",79536
"Leshia","Shafe",4736837938,"shafed7@xinhuanet.com","91 Prairieview Plaza","3025-543","Portugal",72257
"Alys","Braddock",3473361577,"braddockd8@gov.uk","962 Hagan Trail","05-320","Poland",15652
"Wanda","Cragoe",7017335961,"cragoed9@netvibes.com","6 Graceland Terrace","","Indonesia",46725
"Odette","Secret",4587781570,"secretda@bravesites.com","02 Chinook Pass","97620","Mayotte",42737
,"Roote",5245849055,"brootedb@amazon.de","2 Prairie Rose Junction",,"Philippines",54311
"Celesta","Warman",8372466112,"warmandc@nps.gov","914 Shelley Pass","","China",72025
"Feodora","Bruckshaw",6769356577,"bruckshawdd@webeden.co.uk","3943 Hagan Terrace","","Greece",36767
,"Levay",6026982814,"tlevayde@omniture.com","7 Cambridge Terrace","","China",45808
"Batholomew","Simpson",1506801246,"simpsondf@oakley.com","52 Service Trail","","Greece",65696
"Jonis","MacCleay",6582488550,"maccleaydg@oakley.com","8930 Tony Avenue","","China",48665
"Menard","Everly",4317877319,"everlydh@elpais.com","5 Hagan Parkway","","China",22637
"Antonin","Dundredge",7042418794,"dundredgedi@java.com","11851 Merchant Crossing","","Indonesia",64185
"Martha","Stygall",7998714659,"stygalldj@acquirethisname.com","71230 Coleman Park","2599","Bulgaria",89982
"Vance","Bendel",4153114632,"bendeldk@alibaba.com","55301 Eagan Place","8411","Switzerland",29986
"Andree","Copcutt",1597485410,"copcuttdl@creativecommons.org","6253 Bay Park","","Ukraine",67846
"Marcellus","MacKnocker",8601591348,"macknockerdm@samsung.com","14 Grover Point","5110","Bangladesh",13715
,"Sedgman",9984214726,"rsedgmandn@edublogs.org","1 Springs Alley","79632","Malaysia",31810
"Padriac","Denecamp",2874426738,"denecampdo@sphinn.com","44 Dunning Pass","","China",34425
"Giulietta","Parchment",2869871672,"parchmentdp@state.tx.us","207 Anzinger Center","662360","Russia",59338
"Marijo","Merryman",5136107458,"merrymandq@elegantthemes.com","51 Eagan Alley","4585-794","Portugal",83961
"Avril","Paladini",6051871972,"paladinidr@blogger.com","83 Grim Crossing","","China",59550
"Charmaine","McGarrity",3406510492,"mcgarrityds@prlog.org","984 Meadow Vale Drive","","China",81662
"Everett","Winskill",5526865691,"winskilldt@dyndns.org","0 Logan Crossing","37-121","Poland",82536
"Joane","Gooders",5189118549,"goodersdu@icq.com","1260 6th Park","","Albania",18625
"Emyle","Ewenson",3626353938,"ewensondv@java.com","6 Hagan Plaza","","Indonesia",85808
"Suzette","Rohfsen",7818488347,"rohfsendw@kickstarter.com",,"","Indonesia",44092
"Sophie","Baggott",6302589116,"baggottdx@tripadvisor.com","50656 Northridge Center","","Indonesia",72256
"Dunn","Gilardoni",4892698712,"gilardonidy@wikispaces.com","72846 Namekagon Avenue","142817","Russia",17723
"Elsworth","Roddam",9546061314,"roddamdz@wisc.edu","67864 Kings Lane","","China",52437
"Chadd","Bass",4713582176,"basse0@tuttocitta.it","0 Forest Run Place","","Bolivia",60709
"Deeyn","Fawdrie",3964084700,"fawdriee1@gmpg.org",,"","China",87581
"Tybalt","Cheney",9674339859,"cheneye2@facebook.com","0948 Kinsman Crossing","","China",74830
"Simone","Gellion",6826602075,"gellione3@diigo.com","6731 Sherman Pass","","Indonesia",91791
"Katherine","Mixworthy",9284123666,,"20664 Ronald Regan Point","789 71","Czech Republic",54893
"Godfrey","Urlich",8904080019,"urliche5@nps.gov","71 Sauthoff Point","4224","Philippines",70150
"Edythe","Loughan",4753809188,"loughane6@blogspot.com","94 Mifflin Road","546038","Colombia",25221
"Corliss","MacCumiskey",9363855870,"maccumiskeye7@loc.gov","90088 Dottie Trail","35059 CEDEX","France",50977
"Reece","Fell",4186617690,"felle8@g.co","04 Forest Dale Parkway","","Indonesia",55909
"Ardis","Thatcher",9293774864,"thatchere9@xinhuanet.com","8 Fallview Alley","","Myanmar",74867
"Brandi","Shattock",2575166382,"shattockea@jimdo.com","3137 1st Junction","","Indonesia",32112
"Kirk","Bulgen",9805463637,"bulgeneb@shinystat.com","699 Boyd Road","","Egypt",44359
"Linea","Cappell",6238553101,"cappellec@unicef.org","73 Dexter Parkway","","China",95663
"Millard","Pughe",4196489691,"pugheed@epa.gov","5 Derek Trail","36-231","Poland",36961
"Joelle","Beagley",7043291768,"beagleyee@hatena.ne.jp","14 Towne Circle","","Indonesia",23384
"Natka","Bestman",8606193938,"bestmanef@blogs.com","37 Sycamore Center","433601","Russia",28503
"Phillipp","Pavey",7202991188,"paveyeg@chron.com","5 Ridge Oak Avenue","","Indonesia",53267
"Bryanty","Baughn",6823526239,"baughneh@tripod.com","3 Atwood Road","","Saudi Arabia",87978
"Shaylah",,3592682412,"ivantsovei@altervista.org","88838 Fair Oaks Pass","","Indonesia",50400
"Jeannine","Allan",9616322901,"allanej@twitter.com","17 Lighthouse Bay Junction","95320-000","Brazil",40944
"Joshia","Lanfare",8359984483,"lanfareek@cnn.com","4 6th Way","","China",
"Rogers",,2293851017,"helbeckel@diigo.com","5 Mallard Road","25508","Malaysia",95879
"Aprilette","Sabine",8336877919,"sabineem@so-net.ne.jp","2052 Nelson Alley","88901","Finland",37499
"Chico","O'Fihily",2196717072,"ofihilyen@youku.com","4270 Russell Junction","","Saudi Arabia",37118
"Brier","Attryde",9446407789,"attrydeeo@gov.uk","6 Lakeland Trail","","Ghana",95980
"Hervey","Bleckly",9936474742,"blecklyep@ebay.co.uk","76891 Vernon Pass","","Indonesia",26826
"Benjy","Stavers",8808896162,"staverseq@cargocollective.com","7514 Coleman Terrace","7200-252","Portugal",18485
"Kalie","Bolte",9527329224,"bolteer@mapquest.com","7 Bartelt Crossing","3600-587","Portugal",53919
"Dasya","Lamping",4234101995,"lampinges@techcrunch.com","853 Daystar Parkway","44000-000","Brazil",98166
"Nial","Fidal",2962791898,"fidalet@vkontakte.ru","75 Delaware Way","13568 CEDEX 02","France",70871
"Samara","Scartifield",8584130474,"scartifieldeu@devhub.com","0413 Butterfield Road","999-7542","Japan",32549
"Aleta","Aronow",7417488587,"aronowev@princeton.edu","449 Carpenter Point","","Qatar",67401
"Leeanne","Cock",4552684138,"cockew@shutterfly.com","6 Sutherland Court","956 93","Sweden",73367
"Marnia","Morais",5806342809,"moraisex@plala.or.jp","22 Leroy Drive","","Guyana",77852
"Willamina","Bolsteridge",8343326447,"bolsteridgeey@free.fr","187 Butternut Crossing","78995-000","Brazil",26539
"Ealasaid","Comfort",4417018201,"comfortez@storify.com","694 Sauthoff Court","4325","Philippines",42582
"Zorina","Worwood",1563386698,"worwoodf0@parallels.com","180 Walton Place","","China",31863
"Alexandro","Nevins",7016311795,"nevinsf1@fastcompany.com","9792 Heath Alley","","China",36847
"Mitchel","Hoopper",4693020898,"hoopperf2@columbia.edu","12044 Marcy Terrace","75205","United States",96827
"Lemuel","Fillan",7995557997,"fillanf3@feedburner.com","1657 Prentice Plaza","","Indonesia",49844
"Moe","Till",1046065188,"tillf4@dot.gov","295 Jenna Place","","Indonesia",12450
"Cinnamon","Powner",4833157090,"pownerf5@squidoo.com","17 Monterey Terrace","","China",77338
"Glenine","Gatsby",2847052040,"gatsbyf6@nih.gov","132 Fairfield Terrace","94593 CEDEX 2","France",90551
"Giana","Wheildon",7475128407,"wheildonf7@newyorker.com","13000 Maywood Plaza","","Indonesia",28652
"Lara","Barritt",6244349773,"barrittf8@psu.edu","90958 Drewry Parkway","","Indonesia",28751
"Malinde","Gilchrist",5626046297,"gilchristf9@diigo.com","920 Glacier Hill Pass","","China",52422
"Barny","Balharrie",8802373611,"balharriefa@devhub.com","6262 Magdeline Crossing","73031 CEDEX","France",67236
"Nevil","Beacom",8556602882,"beacomfb@microsoft.com","80 Claremont Drive","","China",31794
"Corbet","Amyes",4003763376,"amyesfc@deviantart.com","4 Schmedeman Parkway","","China",64061
"Morey","Tucknott",1004333338,"tucknottfd@prweb.com","7 Aberg Point","89500-000","Brazil",42859
"Mychal","Glusby",1844257262,"glusbyfe@qq.com","373 American Park","","Vietnam",81425
"Rosemary","Sennett",9759833844,"sennettff@360.cn","914 Loomis Crossing","38310-000","Brazil",24918
"Coop","Haslehurst",2191387481,"haslehurstfg@homestead.com","4 Cardinal Alley","","China",51037
"Karola","Eidler",4136588095,"eidlerfh@bing.com","35917 Charing Cross Park","6526","Philippines",94520
"Lucine","Trobey",3721742223,"trobeyfi@squarespace.com","405 Menomonie Street","649779","Russia",66259
"Heath","Gaspar",1074766360,"gasparfj@so-net.ne.jp","358 Everett Hill","","Nauru",11254
"Doria","Rowantree",3021750900,"rowantreefk@amazonaws.com","45 Sunfield Terrace","416507","Russia",20246
"Darb","McGeffen",9572146208,"mcgeffenfl@upenn.edu","61 Doe Crossing Point","188355","Russia",98065
"Benedikt","O'Canavan",3322245669,"ocanavanfm@photobucket.com","7 Bay Terrace","252 68","Sweden",20347
"Drud","Karpenya",6322795189,"karpenyafn@last.fm","48 Corben Crossing","","Madagascar",95567
"Elisabet","Burnard",3874287309,"burnardfo@networksolutions.com","827 Cambridge Park","548037","Colombia",71179
"Omero","Dandison",4191848321,"dandisonfp@netvibes.com","54 Morningstar Pass","","Indonesia",59421
"Dougy","Cradick",9758478177,"cradickfq@ibm.com","2078 Meadow Valley Park","L9S","Canada",67533
"Jobey","Buttrick",6748432683,"buttrickfr@imgur.com","27303 Katie Place","","Vietnam",46839
"Jamaal","Gawthorp",3503226440,"gawthorpfs@jalbum.net","395 Sloan Place","","Jamaica",69548
"Urson","De Carolis",7009121732,"decarolisft@loc.gov",,"","China",70598
"Alfie","Dresser",2264500516,"dresserfu@accuweather.com","594 Alpine Parkway","","Madagascar",44791
"Ardyce","Vittel",7463500491,"vittelfv@bandcamp.com","277 Scoville Pass","7504","Netherlands",87561
"Hedwig","Negal",2205786942,"negalfw@imageshack.us","859 Upham Lane","783 46","Czech Republic",84919
"Bryan","Clemens",2254613439,"clemensfx@ucla.edu","936 Holmberg Trail","","China",32043
"Kalil","Docket",2422115160,"docketfy@example.com","8 Walton Park","242 35","Sweden",89442
"Dasya","Gotch",5162154339,"gotchfz@instagram.com","22 Utah Center","61600-000","Brazil",27185
"Haslett","Foard",1138479668,"foardg0@sbwire.com","057 Blaine Center","8118","Philippines",
"Babara","Dran",1122439320,"drang1@yale.edu","66480 Eastwood Crossing","4608","Philippines",37299
"Celestyna","Parminter",3427709071,"parminterg2@irs.gov","70678 Anhalt Pass","56250-000","Brazil",46929
"Barri","Winscum",4593604129,"winscumg3@printfriendly.com","22290 Longview Hill","","Honduras",92683
"Jojo","Gahan",1597880898,"gahang4@etsy.com","80061 Talisman Crossing","","Iran",96243
"Darrell",,5105687759,"faderg5@i2i.jp","18626 Hallows Crossing","","Indonesia",73543
"Terri","Juggins",8865525208,"jugginsg6@hatena.ne.jp","35 Rockefeller Pass","3060-629","Portugal",75213
"Viviana","Surby",3537569756,"surbyg7@google.co.uk","21298 Wayridge Plaza","","China",17774
"Rossy","Favell",1598639147,"favellg8@netvibes.com","9 Evergreen Way","","Peru",77934
"Quintilla","Gergus",2093925197,"gergusg9@pbs.org","6596 Tomscot Street","56000","Thailand",24524
"Ulysses","Jeannon",2732027157,"jeannonga@51.la","622 Colorado Junction","66031","Pakistan",87820
"Afton","Campione",3644947475,"campionegb@timesonline.co.uk","6 Springview Hill","","Jamaica",95284
"Angy","Roach",5036901191,"roachgc@engadget.com","7579 Maryland Junction","P5N","Canada",24569
"Artur","Sievewright",2512397254,"sievewrightgd@usda.gov","364 Riverside Parkway","9404","Philippines",95942
"Grenville","Danson",3404524431,"dansonge@usgs.gov","678 School Pass","","Ivory Coast",99152
"Torin","McCurdy",6379761171,"mccurdygf@sun.com","9958 Hallows Hill","","Somalia",42269
"Michal","Hazle",6133898829,"hazlegg@yellowpages.com","25 Bayside Street","26300-000","Brazil",33392
"Cass","Ablott",8101443211,"ablottgh@e-recht24.de","8 Kim Center","678944","Russia",77339
"Leandra","Rosten",5524820597,"rostengi@fc2.com","860 Vahlen Pass","433310","Russia",80647
"Louisette","Eshmade",5455798083,"eshmadegj@netscape.com","267 Clove Way","","China",63834
"Shaw","Ditter",1113911960,"dittergk@sciencedaily.com","8682 Maple Wood Lane","","Peru",24065
"Katherina","Chattell",2817488415,"chattellgl@oaic.gov.au","26260 Pond Point","","Indonesia",37769
"Lavena","Polet",5264028885,"poletgm@amazon.de","198 Ohio Park","10135","Dominican Republic",92173
"Winona","Congreve",2185862335,"congrevegn@state.tx.us","89 Lakewood Parkway","88154 CEDEX","France",
"Lindy","Meacher",7311252527,"meachergo@cafepress.com","6 Namekagon Drive","46110","Thailand",96795
"Raine","Rizzillo",9994200796,"rizzillogp@cmu.edu","64700 Wayridge Way","","China",36256
"Susanetta","Sprulls",6463122925,"sprullsgq@latimes.com","50616 Anthes Road","","China",93982
"Maxy","Craw",1006597585,"crawgr@toplist.cz","9 Eliot Street","","Armenia",86877
"Alain","Quarrie",3716444884,"quarriegs@stumbleupon.com","8519 8th Point","","Guinea-Bissau",73310
"Cooper",,5074954172,"macartegt@google.nl","6 Pearson Hill","171649","Russia",87161
"Ignacio","Briamo",2291539073,"briamogu@wufoo.com","628 Westerfield Court","3418","Argentina",13652
"Katina","Frigout",7679005547,"frigoutgv@xinhuanet.com","61 Springview Park","","Indonesia",26284
"Farrell","Magner",5685986384,"magnergw@flavors.me","3678 1st Court","","Venezuela",47952
"Loree","Hakeworth",5256234471,"hakeworthgx@cyberchimps.com","5 Sunnyside Street","","China",11916
"Roarke","Tussaine",9247880356,"tussainegy@harvard.edu","96936 Dottie Road","10587","Germany",88488
"Georgette","Westmacott",1296245558,"westmacottgz@skyrock.com","5 Oak Valley Court","","Nigeria",13832
"Nannie","Sondland",9938781140,"sondlandh0@msu.edu","1696 Iowa Lane","","Indonesia",91592
"Winny","Scohier",6774966681,"scohierh1@360.cn","64 Spaight Pass","8601","Philippines",96421
"Raul","Gritton",4626377373,"grittonh2@prnewswire.com","56 Village Green Junction","238450","Russia",55449
"Sashenka","Cracker",7361225706,"crackerh3@yelp.com","382 Loomis Court","","Serbia",52229
"Ann-marie","Bellwood",7101385841,"bellwoodh4@constantcontact.com","2 Mallory Circle","","Palestinian Territory",49840
"Carlee","Spearman",2525081100,"spearmanh5@ucsd.edu","96969 Dixon Park","38-450","Poland",80189
"Rebbecca","Holbury",6846487607,"holburyh6@delicious.com","65 Laurel Junction","","China",71819
"Micaela","O'Carmody",7323224259,"ocarmodyh7@hc360.com","77262 Mitchell Point","","Ghana",62549
"Ginelle","Laffranconi",2057665959,"laffranconih8@fastcompany.com","32853 Crowley Plaza","","Ukraine",37219
"Lorin","Bandey",4679621015,"bandeyh9@mapy.cz","28457 Dakota Park","","Indonesia",32936
"Kate","Chattelaine",8331164320,"chattelaineha@a8.net","539 Maple Wood Lane","88768","Malaysia",77240
"Stafani","Apark",4704682553,"aparkhb@sun.com","36 Sundown Terrace","664 64","Czech Republic",29384
"Bale","Rudgerd",9982684856,"rudgerdhc@blog.com","226 Fallview Point","","Armenia",20867
"Kinny","Shadbolt",2881813851,"shadbolthd@surveymonkey.com","65 Cottonwood Way","","Albania",
"Wood","MacAiline",3086835753,"macailinehe@ca.gov","3208 Colorado Center","","China",68305
"Corny","Mutimer",3023578914,"mutimerhf@diigo.com","02751 Lunder Place","9560-305","Portugal",55734
"Clarie","Whiteford",2397020693,"whitefordhg@slideshare.net","357 Sutteridge Drive","9560-097","Portugal",60305
"Jerrine","Whissell",5118323388,"whissellhh@icq.com","51 Artisan Street","451 32","Sweden",25057
"Chery","Capelen",2967024570,"capelenhi@seattletimes.com","4 Express Place","","China",89383
"Gwendolyn","Sherrard",7014195286,"sherrardhj@sciencedirect.com","9 Nelson Hill","663-8234","Japan",42671
"Zaccaria","Wildin",7829617889,"wildinhk@cyberchimps.com",,"453480","Russia",80697
"Archer","Buzine",1943444074,"buzinehl@domainmarket.com","4 6th Street","","Yemen",74067
"Maribeth","Stoute",4452453951,"stoutehm@fc2.com","2783 Gulseth Place","","Cameroon",26934
"Sunshine","Winham",1999867136,"winhamhn@cnet.com","8 Bay Hill","602103","Russia",15372
"Asher","Girardet",9193382330,"girardetho@wikimedia.org","489 Thackeray Crossing","","Serbia",53879
"Lizabeth","Trevillion",8467436951,"trevillionhp@woothemes.com","7 Blue Bill Park Way","","Uzbekistan",15984
"Derrick","Bhatia",7045999012,"bhatiahq@hud.gov","28429 Monica Parkway","","China",70968
"Sayre","Domenichelli",4258045870,"domenichellihr@icio.us","8 Columbus Parkway","","China",68810
"Basilius","Liles",3575488911,"lileshs@opensource.org","860 Sloan Street","2635-121","Portugal",36723
"Opalina","De la Harpe",6767217717,"delaharpeht@github.com","5511 Shopko Place","52150","Pakistan",97062
"Shepperd","McQuillin",1192260223,"mcquillinhu@quantcast.com","2258 Springs Way","","Sudan",67825
"Napoleon","Jorez",,"jorezhv@blogs.com","27387 Sherman Plaza","15000-000","Brazil",34973
"Zandra","McCurlye",4766297978,"mccurlyehw@admin.ch","96543 Gina Drive","0123","Norway",60536
"Dyana",,4313191049,"vallantinehx@newsvine.com","0382 5th Road","99-235","Poland",22769
"Kelley","Niblock",5204683214,"niblockhy@webmd.com","19 Green Ridge Park","2435-585","Portugal",82972
"Ches","Klaaassen",8738202216,"klaaassenhz@free.fr","16583 Farwell Drive","92665 CEDEX","France",97010
"Elise","Rain",2521067385,"raini0@discuz.net","830 Prairie Rose Point","","Venezuela",17413
"Madlen","Trafford",4074303257,,"8 Kedzie Drive","","Peru",17473
"Creighton","Mc Mechan",9315443536,"mcmechani2@bigcartel.com","417 Longview Parkway","5600","Philippines",39742
"Cammy","Duxbury",6882148141,"duxburyi3@huffingtonpost.com","41 Luster Center","","Greece",97983
"Noel","Durston",2182692710,"durstoni4@w3.org","6 Division Avenue","","Indonesia",51699
"Jo ann","Duffrie",1073443141,,"82797 Continental Hill","37270-000","Brazil",47231
"Leigh","Stillman",5352771948,"stillmani6@ning.com","83 Forest Dale Road","45201","Finland",59337
"Lenci","Mitkin",1611009708,"mitkini7@163.com","626 Reinke Way","","Indonesia",84748
"Ugo","Andric",6018685437,"andrici8@craigslist.org","51 Luster Road","81017 CEDEX 9","France",70877
"Murdoch","Gauvin",3878043938,"gauvini9@surveymonkey.com","3917 Fieldstone Circle","","China",95709
"Iolanthe","Coulsen",9145667182,"coulsenia@lycos.com","57 Burning Wood Hill","15007","Guatemala",69243
"King","Rash",8664502594,"rashib@sogou.com","74 Prairieview Circle","","Indonesia",90697
"Corene","Cole",2822496243,"coleic@dot.gov","06974 Roth Terrace","51253","Croatia",62855
"Sauncho","Rispen",3494254353,"rispenid@independent.co.uk","22 Harper Hill","96960","Marshall Islands",15557
"Pauly","Vasyunin",3543476514,"vasyuninie@shinystat.com","2 Lindbergh Street","","Cuba",47193
"Tierney","Dudgeon",6016236890,"dudgeonif@ftc.gov","6 Maple Parkway","","China",93586
"Nelle","Nobriga",6134093657,"nobrigaig@shutterfly.com","88725 Main Court",,"Albania",12180
"Shepard","Sellman",5963852919,"sellmanih@youtu.be","80359 Burrows Place","8115","South Africa",31901
"Marna","Deeth",2916093990,"deethii@blog.com","42 Gulseth Center","","China",84751
"Milt","Lichtfoth",5371804497,"lichtfothij@howstuffworks.com","325 Killdeer Circle","301288","Russia",53158
"Cesaro","Mil",6036518346,"milik@zimbio.com","88 Reinke Road","544038","Colombia",32608
"Olav","Fletham",5375019870,"flethamil@multiply.com","36 Vahlen Court","","Ecuador",78084
"Kristo","Torra",6034522927,"torraim@soundcloud.com","13 Oak Parkway","","Kazakhstan",35080
"Amabel","Malster",6713630279,"malsterin@europa.eu","95677 Swallow Alley","49140-000","Brazil",64954
"Nannette","De Wolfe",1692608461,"dewolfeio@sciencedaily.com","27 Village Green Center","","Nigeria",14235
"Billie","Bryan",6717663638,"bryanip@dagondesign.com","3655 Independence Street","","China",21066
"Letitia","Exposito",3122639029,"expositoiq@google.com","84 Ridgeway Parkway","392 47","Sweden",80787
"Pen","Niblock",8406621130,"niblockir@census.gov","304 Lotheville Plaza","453663","Russia",50920
"Lorens","Stratford",6158712250,"stratfordis@gnu.org","23285 Calypso Plaza","30910 CEDEX 2","France",97003
"Xever","Strethill",6551074714,"strethillit@live.com","90618 Rieder Crossing","41029 CEDEX","France",16748
"Florri","Berzen",5635064156,"berzeniu@purevolume.com","386 Lunder Hill","10803","Costa Rica",84066
"Ali","Cullingworth",8027686789,"cullingworthiv@globo.com","89245 Maple Place","","China",56039
"Wynny","Tatford",2164074232,"tatfordiw@timesonline.co.uk","36512 Forest Run Trail","","Indonesia",29526
"Stavro","Kelson",8479625012,"kelsonix@sciencedaily.com","49495 Harbort Court","6509","Philippines",53643
"Vitoria","Fairbridge",8279878813,"fairbridgeiy@g.co","57973 Blue Bill Park Park","51301","Croatia",70022
"Daphene","Gumery",9242997536,"gumeryiz@vimeo.com","153 Merry Point","2430","Philippines",73974
"Christa","Dawidsohn",3055828065,"dawidsohnj0@dion.ne.jp","60623 Lyons Trail","7090-224","Portugal",56721
"Lyle",,1834557707,"filonj1@hc360.com","5 Maple Wood Place","","Turkmenistan",24093
"Bernardine","Chancelier",6452911764,"chancelierj2@ucoz.ru",,"414 66","Sweden",33677
"Dosi","Medler",9107534842,"medlerj3@1und1.de","436 Summer Ridge Street","4650-226","Portugal",68486
"Jaquith","Braybrooke",6677018649,"braybrookej4@webmd.com","58 Eliot Lane","","Peru",44201
"Ludovico","Hallows",2701257661,"hallowsj5@studiopress.com","777 Longview Hill","","China",14295
"Jyoti","Yeoland",2972328945,"yeolandj6@netscape.com","82 Homewood Lane","99750","Mexico",36818
"Teodoor","Merit",4123996390,"meritj7@creativecommons.org","37369 Oxford Terrace","15220","United States",22202
"Tobye","Dransfield",8587259776,"dransfieldj8@webeden.co.uk","09 Garrison Street","","Democratic Republic of the Congo",21371
"Stacia","Maplestone",4023483918,"maplestonej9@blog.com","69024 Fieldstone Trail","528539","Colombia",69335
"Faina","Broxap",4991357196,"broxapja@ebay.com","854 Dayton Plaza","J3T","Canada",32381
"Pattin","Ripper",6549013230,"ripperjb@slashdot.org","85484 David Way","","China",36946
"Eustacia","Bausor",9552591771,"bausorjc@imgur.com","434 Transport Point","","Indonesia",46992
"Madge","Soall",6887930217,"soalljd@naver.com","977 Hoard Park","","Greece",67733
"Aime","Burg",9601446648,"burgje@amazon.com","292 Brentwood Parkway","7301","Philippines",16064
"Kathe","Grimsditch",2188574262,"grimsditchjf@prlog.org","5 Bay Lane","59049 CEDEX","France",
"Bebe","Breeton",4763271046,"breetonjg@uol.com.br","684 Montana Way","3810-609","Portugal",81877
"Emmott","Hadny",6387733596,"hadnyjh@instagram.com","492 Warbler Way","","China",25496
"Justen","Krysiak",9717534373,"krysiakji@uiuc.edu","119 Kropf Junction","34114 CEDEX","France",93357
"Winne","Gianulli",4818927362,"gianullijj@hao123.com","884 Warrior Parkway","162 15","Sweden",74797
"Duke","Vedikhov",2669958704,"vedikhovjk@bing.com","3110 Oak Crossing","","Syria",11334
"Lyndy","Josephov",6145149144,"josephovjl@google.com.au","9401 Sheridan Alley","","China",83593
"Manya","Dengate",4743750895,"dengatejm@simplemachines.org","940 Manufacturers Hill","301086","Russia",26201
"Constantin","Ennals",1335768058,"ennalsjn@amazon.com","6293 Glendale Drive","","Kazakhstan",55255
"Wilbert",,3248880026,"penticootjo@hatena.ne.jp","087 Fulton Center","26-432","Poland",12333
,"Melmoth",2537893312,"amelmothjp@furl.net","3605 Mendota Pass","98140","United States",35047
"Garwood","Burchell",2661793894,"burchelljq@eepurl.com","3 Northfield Pass","5311","Bangladesh",62850
"Lucias","Scoggin",4386690331,"scogginjr@prnewswire.com","37 Oakridge Junction","353147","Russia",38261
"Thayne","Isham",4365923981,"ishamjs@cisco.com","5606 Maywood Pass","","Zambia",79457
"Farr","Blakeley",2081555604,"blakeleyjt@theguardian.com","86 Redwing Drive","83722","United States",46170
"Morissa","Lewson",2155636323,"lewsonju@shop-pro.jp","98 Dorton Street","19141","United States",66699
"Yurik","Ivain",4166654794,"ivainjv@mediafire.com","16 Schiller Place","","China",93025
"Virgie","Balchen",7668252162,"balchenjw@miitbeian.gov.cn","1078 Johnson Terrace","46175","Mexico",72672
"Helsa","Rugge",1624773980,"ruggejx@ox.ac.uk","83 Banding Way","77041","Pakistan",47243
"Ethelda","Bushel",1782010691,"busheljy@linkedin.com","360 Schurz Pass","34-481","Poland",30024
"Kaleb","Rochford",3664153125,"rochfordjz@gnu.org","0114 Towne Parkway","4203","Philippines",75537
"Matteo","Rein",2406998210,"reink0@google.it","7 Hanson Pass","","Cuba",55498
"Isacco","Matyatin",7218169075,"matyatink1@latimes.com","67064 Bartelt Hill","","China",71446
"Obadias","Wadly",3512437084,"wadlyk2@baidu.com","830 Hanson Road","114 89","Sweden",20864
"Kynthia","Sinclar",1798969037,"sinclark3@amazon.com","88 Mcbride Circle","7413","Philippines",41132
"Page","Sturmey",2434548755,"sturmeyk4@prweb.com","39 North Junction","5212","Argentina",54179
"Odelia","St Pierre",5968491917,"stpierrek5@tuttocitta.it","238 Pine View Lane","959-1851","Japan",79023
"Clemence","Rait",3477000087,"raitk6@constantcontact.com","3690 Muir Plaza","","China",96883
"Robinet","Jaram",2317550610,"jaramk7@technorati.com","92864 Center Avenue","KKP","Malta",30417
"Cayla","Christian",5529246295,"christiank8@washington.edu",,"","Paraguay",66715
"Grady","Knottley",1756206611,"knottleyk9@google.ca","106 Morningstar Circle","","Indonesia",24876
"Matteo","Hardison",9416236512,"hardisonka@accuweather.com","8 New Castle Drive","","China",83423
"Vivi","Whitcher",3402066571,"whitcherkb@github.io","4 Debra Place","59190-000","Brazil",35056
"Gibby","Southway",3804495838,"southwaykc@bing.com","8763 Killdeer Circle","","China",19846
"Helge","Gymblett",3715345683,"gymblettkd@netlog.com","5 Grayhawk Parkway","","China",14563
"Towny","Reeders",3016674354,"reederske@wikispaces.com","67 Pine View Avenue","","China",79537
"Audrye","Kinnin",5842765658,"kinninkf@disqus.com","0 West Hill","","China",23332
"Karlan","Kasparski",4527787428,"kasparskikg@flickr.com","00843 Forest Lane","","Syria",12855
"Louella","Rowesby",3343155883,"rowesbykh@chron.com","18 Monument Lane","692909","Russia",55003
"Bent","Hullins",4484783180,"hullinski@w3.org","271 Lindbergh Point","92440","Mexico",56782
"Fannie","Lalevee",5992164149,"laleveekj@tmall.com","8606 Homewood Parkway","152450","Russia",24616
"Arlie","Baroux",9242008243,"barouxkk@npr.org","77 American Park","","China",16820
,"Baudi",7591344186,"rbaudikl@dropbox.com","66 Forster Court","15700-000","Brazil",47192
"Humberto","Haste",7479146319,"hastekm@sourceforge.net","74662 Katie Street","","China",12869
"Halley","Kubelka",7122103944,"kubelkakn@discuz.net","04883 Petterle Drive","2356","Bulgaria",55956
"Sanford","Hickeringill",4137557897,"hickeringillko@istockphoto.com","065 Sutteridge Way","","Belarus",90772
"Tucker","Leving",4846552043,,"21 Moulton Trail","","Indonesia",60279
"Sheela","Surplice",3734258224,"surplicekq@opera.com","9 Elgar Circle","10160","Thailand",44117
"Melisenda","Partridge",1095119067,"partridgekr@oracle.com","07 Reinke Place","","China",24070
"Dasi","Ascraft",3605394844,"ascraftks@vistaprint.com","2 Sauthoff Junction","98687","United States",13720
"Mathew","Inston",8165086538,"instonkt@umn.edu",,"64504","United States",83626
"Bekki","Suerz",1061129893,"suerzku@naver.com","84 Melby Court","461 25","Sweden",25704
"Ewell","Sambells",2637849954,"sambellskv@apple.com","0430 Springs Park","T0P","Canada",95510
"Iormina","Dinesen",4455690372,"dinesenkw@vimeo.com","3850 Lyons Road","","China",83595
"Alwyn","Milborn",2566011938,"milbornkx@wordpress.org","06 Ruskin Drive","","Peru",27983
"Gayla","Pfaffel",4678490609,"pfaffelky@alexa.com","051 International Pass","67001","Lithuania",22841
"Prissie","Brady",8993818662,"bradykz@sfgate.com","8070 Stuart Hill","","Indonesia",98778
"James","Cantopher",9787752449,"cantopherl0@oracle.com","7480 Briar Crest Avenue","","China",68386
"Hi","Dillingstone",6908541077,"dillingstonel1@nps.gov",,"","China",16660
"Haslett","Tribe",2058762156,,"22114 Russell Way","","Peru",60080
"Kerri","Fucher",5453880508,"fucherl3@chron.com","4959 Pine View Lane","AD600","Andorra",21833
"Tybie","Dillintone",4039960470,"dillintonel4@fastcompany.com","4860 Beilfuss Place","","Indonesia",15368
"Cissiee","Adriano",6548586906,,"7428 Eagan Center","","China",17716
"Charil","Scowcroft",2502015119,"scowcroftl6@edublogs.org","84 Logan Crossing","32-851","Poland",18251
"Gayel","Dominichetti",1212001472,"dominichettil7@wix.com","117 Knutson Court","V3A","Canada",10274
"Norri","Antonich",3116937151,"antonichl8@pen.io","9 Lotheville Point","739 84","Czech Republic",10914
"Debbi","Yellowlee",1445883748,"yellowleel9@sakura.ne.jp","3 Bultman Road","18680-000","Brazil",47658
"Floris","Tirkin",7587103907,"tirkinla@msn.com","3 Harbort Center","","Chad",36931
"Agretha","Marland",9969696019,"marlandlb@unicef.org","459 Waywood Crossing","5020","Philippines",49514
,"Segot",9175347060,"nsegotlc@list-manage.com","51 5th Way",,"Sweden",12763
"Glendon","Dumbarton",1816230198,"dumbartonld@elegantthemes.com","740 Melody Trail","","China",14117
"Diana","Ducham",6794056329,"duchamle@canalblog.com","7 Bonner Avenue","144 40","Sweden",21808
"Felicle","Rawlison",5517298381,"rawlisonlf@ibm.com","19 Birchwood Lane","13464 CEDEX 16","France",31241
"Jeff","Arnot",6458165432,"arnotlg@baidu.com","7803 Pankratz Avenue","","China",49662
"Cam","Laite",3788571543,"laitelh@nps.gov","36 North Avenue","","China",49557
"Delmar","Langhorn",4065821020,"langhornli@amazon.com","6 Welch Plaza","","Cuba",36175
"Roarke","Barens",4377898439,"barenslj@zdnet.com","4909 Evergreen Lane","","Afghanistan",82759
"Noami","Rigby",3468492534,"rigbylk@intel.com","48 Tomscot Parkway","","China",64984
"Lewes","Simkovich",2614751758,"simkovichll@simplemachines.org",,"","China",65820
"Faina","Chaney",5425606785,"chaneylm@amazon.com","9789 Judy Road","","Indonesia",99319
"Mirabel","Coule",5392773552,"couleln@newyorker.com","7145 Rieder Hill","","Indonesia",85304
"Giulia","Jansens",3119625994,"jansenslo@yellowpages.com","28 Comanche Drive","0102","Norway",55936
"Fidel","MacCaughey",6188329915,"maccaugheylp@is.gd","4298 Lyons Crossing","","Democratic Republic of the Congo",10145
"Ardis","Chinnick",2315989679,"chinnicklq@globo.com","02314 Farragut Center","","China",94827
"Ahmad","Theml",4894601380,"themllr@dion.ne.jp","02905 Sullivan Plaza","","China",17976
"Florance","Mably",6424689721,"mablyls@twitter.com","23 Nelson Park","43-245","Poland",10763
,"Lansberry",4495014116,"alansberrylt@zdnet.com","1 East Pass","142145","Russia",19457
"Gilly",,7737344372,"fomichyovlu@psu.edu","561 Mesta Park","3050-015","Portugal",63424
"Yulma","Dreier",1918703774,"dreierlv@scribd.com","2752 Autumn Leaf Way","V6Z","Canada",96569
"Willey","Float",9905077720,"floatlw@networkadvertising.org","487 Morning Way","2725-619","Portugal",91573
"Basia","Trayford",7087052231,"trayfordlx@miibeian.gov.cn","37 Sheridan Center","","Latvia",36622
"Elsi","Soreau",9796342184,"soreauly@wordpress.org","1592 Shasta Circle",,"New Zealand",13311
"Shanta","Flegg",4077151215,"flegglz@nps.gov","07 Mariners Cove Street","2718","Philippines",53459
"Benito","McIntee",9683754567,"mcinteem0@tripadvisor.com","8 East Pass","01061","Guatemala",42395
"Danielle","Battin",4411604414,"battinm1@chronoengine.com","0 Mariners Cove Way","","Myanmar",50676
"Florella","Scutter",9884090375,"scutterm2@mapquest.com","68366 Hoepker Court","2380-506","Portugal",86504
"Dasya","Sibary",2717371589,"sibarym3@t-online.de","764 Longview Point","446533","Russia",87926
"Moira","Yglesia",1209328285,"yglesiam4@businessinsider.com","8913 Graceland Hill","13170-000","Brazil",80380
"Car","Broker",7092185513,"brokerm5@psu.edu","02 Laurel Pass","","Afghanistan",29073
"Celinka","Byrd",3399742010,"byrdm6@bluehost.com","7 Springview Place","L-6231","Luxembourg",40766
"Luciana","Golagley",2267693532,"golagleym7@shinystat.com","59858 Oakridge Street","","Indonesia",32696
"Emiline","Howden",7986852102,"howdenm8@buzzfeed.com","75986 Steensland Court","","Central African Republic",63693
"Karalee","Offen",9793591368,"offenm9@etsy.com","91856 Hazelcrest Park","84019","Lithuania",58392
"Clareta","Marquess",8357432298,"marquessma@rakuten.co.jp","89207 Merry Point","","Trinidad and Tobago",73327
"Gypsy","Callam",4179346892,"callammb@state.tx.us","4 Laurel Alley","","Indonesia",15461
"Jo-anne","Lancastle",2108445809,"lancastlemc@adobe.com","41960 Helena Junction","","Mongolia",74145
"Worth","Jobbings",6384663121,"jobbingsmd@nymag.com","260 Hintze Road","391339","Russia",81901
"Susann","Bickersteth",5978288899,"bickerstethme@e-recht24.de","917 Lien Hill","","Indonesia",68749
"Hermine","Treher",9437134733,"trehermf@shinystat.com","13680 Southridge Pass","93180-000","Brazil",10637
"Demetre","Mabee",,"mabeemg@infoseek.co.jp","3178 Menomonie Place","","Indonesia",34611
"Idaline","Raffon",4687493682,"raffonmh@weebly.com","2969 Waxwing Pass","","China",47597
"Frazier","Rickhuss",2947379024,"rickhussmi@seesaa.net","66360 Pearson Trail",,"Honduras",77697
"Martino","Mico",2242537783,"micomj@biblegateway.com","135 Ramsey Street","","Indonesia",43599
"Koral","Licquorish",9585400273,"licquorishmk@delicious.com","4208 Everett Park","88870-000","Brazil",87956
"Cinnamon","Surplice",7216481490,"surpliceml@360.cn","60 Eagan Alley","","Tanzania",70347
"Atlante","Stonbridge",3167448668,"stonbridgemm@marketwatch.com","929 5th Junction","","Madagascar",19198
"Aurore","Mullen",,,"8 Orin Lane","6313","Philippines",95121
,"Bacop",8765612782,"mbacopmo@nih.gov","8024 Logan Alley","92864 CEDEX 9","France",89236
"Jsandye","Reavey",9001505589,"reaveymp@sohu.com","90 Toban Parkway","","Mongolia",24903
"Ailee","Chestney",8086786987,"chestneymq@jalbum.net",,"","China",42994
"Fidela","La Batie",2966750536,"labatiemr@harvard.edu","590 Bartelt Terrace","","Belarus",24573
"Daryn","Basilotta",8347309631,"basilottams@lycos.com","002 Marcy Lane","","Vietnam",10641
"Gerti","Silverlock",4895876974,"silverlockmt@senate.gov","878 Continental Way","","Indonesia",22185
"Laurianne","Stoddart",4282189290,"stoddartmu@admin.ch","295 Schurz Way","","China",92092
"Ode","Conaghan",9479400957,"conaghanmv@apple.com","15 Kensington Drive","2530-692","Portugal",93791
"Judon","Risbridge",6528085881,"risbridgemw@delicious.com","3 Park Meadow Parkway","","China",45954
"Olly","Erskine Sandys",5897393656,"erskinesandysmx@xrea.com","7 Kingsford Road","352812","Russia",47377
,"Allchorne",3464450341,"eallchornemy@artisteer.com","718 Tennessee Point","","Indonesia",59780
"Netti","Ewens",4632480827,"ewensmz@usgs.gov","70039 Anniversary Road","","China",80426
,"Veitch",7106277587,"rveitchn0@360.cn","055 Northridge Circle","9101","Philippines",89517
"Hestia","Westrey",7407023986,"westreyn1@irs.gov","50 Oakridge Terrace","5035","Philippines",80525
"Valida","Dat",,"datn2@storify.com","899 Continental Parkway","113 44","Sweden",10681
"Redford","Casterou",1497148090,"casteroun3@vistaprint.com","32 Dexter Way","","China",66698
"Carita","Vosse",3729259769,"vossen4@blogtalkradio.com","79709 Farragut Street","4424","Argentina",73093
"Penrod","Danit",4195079687,"danitn5@vinaora.com","6310 Stuart Circle","","Chile",64382
"Joel","Cypler",8719774456,"cyplern6@dot.gov","7 John Wall Drive","","China",96235
"Storm","Weavill",7385900509,"weavilln7@intel.com",,,"Cuba",62474
"Duff","Bunker",7383153726,"bunkern8@huffingtonpost.com","26 Fuller Park","","China",17216
"Jordon","Serman",4649262019,"sermann9@pinterest.com","91578 Spenser Drive","2392","Slovenia",90553
"Hammad","McSparran",3916862874,"mcsparranna@va.gov","3 Marquette Circle","","Lebanon",81479
"Gretchen","Tremoulet",3266804870,"tremouletnb@cbc.ca","2 Beilfuss Avenue","346020","Russia",26417
"Lory","Allaway",3738252645,"allawaync@whitehouse.gov","7573 Cascade Court","","China",48495
"Jan","Biddy",2748379238,"biddynd@redcross.org","869 Ruskin Terrace","2416","Philippines",90741
"Gris","Malsher",6427130180,"malsherne@ed.gov","72 Glendale Alley","662622","Russia",49726
"Pansie","Lailey",8403558463,"laileynf@lulu.com","86 Sutherland Lane","","China",54936
"Tome","Matkovic",4581128522,"matkovicng@statcounter.com","818 Service Hill","69670-000","Brazil",13457
"Pierre","Doolan",7765533390,"doolannh@sbwire.com","7668 Mifflin Alley","","Botswana",
"Isidro","Ilyas",3422876923,"ilyasni@google.ru","7 Duke Center","","Morocco",38428
"Torrence","Catto",2995407038,"cattonj@linkedin.com","31481 International Court","696 02","Czech Republic",69955
"Jazmin","Bilovus",5685361787,"bilovusnk@pagesperso-orange.fr","16499 7th Alley","","China",76152
"Maryjane","Westrey",2495180936,"westreynl@gizmodo.com","37 Wayridge Point","","Peru",24068
"Gloriana","Mac Geaney",6773518507,"macgeaneynm@rediff.com","2 Golden Leaf Court","9315","Philippines",95970
"Pearl","Kolodziejski",7315968898,"kolodziejskinn@pcworld.com","99643 Bunker Hill Avenue","17700-000","Brazil",74170
"Kristen","Langer",7932388884,"langerno@reverbnation.com","1 Clarendon Center","","Sudan",14251
"Loralie","Rimell",5795891282,"rimellnp@house.gov","7 Lien Pass","","Armenia",40174
"Bibi","Plevey",2283871037,"pleveynq@forbes.com","17567 Tony Plaza","","Albania",56477
"Rorke","Kingsnode",1922809234,"kingsnodenr@hugedomains.com","439 Elka Place","44036 CEDEX 1","France",21685
"Ladonna","Ritmeier",1934535019,"ritmeierns@goo.gl","2865 Gateway Place","794 01","Czech Republic",20347
"Kass","Hethron",4695736930,"hethronnt@hatena.ne.jp","5 Debra Junction","","North Korea",65292
"Jerome","Balfre",3362748397,"balfrenu@about.com","89 Sunnyside Alley","","Indonesia",57992
"Ailey","Dmtrovic",5705967326,"dmtrovicnv@amazonaws.com","58080 Brown Parkway","7940","New Zealand",91228
"Blythe","Arington",2128048543,"aringtonnw@telegraph.co.uk","4 Evergreen Trail","","Indonesia",59463
"Willi","Glabach",3646559406,"glabachnx@blogger.com","89 Sloan Hill","","China",96755
"Giraud","Stothard",5309603540,"stothardny@ifeng.com","093 Stang Place","KKP","Malta",94821
"Tyrus","Bortoletti",7613538418,"bortolettinz@live.com","60193 Mitchell Road","","Ukraine",27183
"Sherrie","Deporte",9242211142,"deporteo0@state.tx.us","6 Laurel Avenue","","Cameroon",24415
"Giuditta","Roxburch",1588199488,"roxburcho1@examiner.com","56466 Basil Hill","14018 CEDEX 2","France",67956
"Charlene","Kynson",4195572411,"kynsono2@nyu.edu","37563 Cherokee Center","","China",79991
"Luigi","Bohlens",5443296897,"bohlenso3@rambler.ru","990 Dorton Parkway","","Madagascar",15920
"Rolland","Boness",6329353678,"bonesso4@youtu.be","40 Lakewood Crossing","","Sierra Leone",55075
"Bryna","Collingdon",9727190597,"collingdono5@fastcompany.com",,"75210","United States",21747
,"Gallant",8288665697,"agallanto6@vinaora.com","0253 Buell Park","76240-000","Brazil",52535
"Shel","Groucock",1436105330,,"27 Arkansas Avenue","","China",33548
"Rene","Damarell",7566532547,"damarello8@yolasite.com","773 Arrowood Point","7630-305","Portugal",20280
"Quill","Vallens",7215029676,"vallenso9@nba.com","385 Moland Court","","China",27547
"Poppy","Lighterness",5619608098,"lighternessoa@nationalgeographic.com","95 Daystar Alley","33499","United States",61065
"Sollie","Pentecost",2532777082,"pentecostob@diigo.com","19292 Mayer Junction","75171 CEDEX 19","France",60802
"Kin","Grinsted",6598121073,"grinstedoc@hibu.com","3204 Coolidge Court","40612","Malaysia",37467
"Joan","Ellett",3161301158,"ellettod@dell.com","4106 Mendota Point","","Greece",97756
"Meghan","Soame",4585881297,"soameoe@techcrunch.com","6 Cascade Avenue","396130","Russia",49156
"Geraldine","Mussolini",8781072800,"mussoliniof@webs.com","0 Fallview Place","58-310","Poland",21430
"Sosanna","Brennan",5229825290,"brennanog@dropbox.com","017 Kingsford Park","6932","South Africa",83394
"Oliver","Reisin",5471788723,"reisinoh@squarespace.com","30268 International Street","85009 CEDEX","France",13741
"Brittany","Milland",2136833797,"millandoi@geocities.com","201 Mifflin Way","","Indonesia",48945
"Lolita","Sorsbie",6321199060,"sorsbieoj@tuttocitta.it","7 Bartillon Court","963-4603","Japan",79450
"Innis","Braunds",8601144531,"braundsok@cnn.com","99122 Lillian Way","","Chile",75617
"Billy","Olfert",3872497373,"olfertol@ehow.com","3685 Autumn Leaf Crossing","30190","Thailand",48944
"Jobi","Avrahamof",8653247325,"avrahamofom@pbs.org","74111 Fairfield Terrace","","China",13915
"Gideon","Chatell",3487279258,"chatellon@netscape.com","1 Loftsgordon Pass","678944","Russia",65877
"Wilt","Gurrado",6671070458,"gurradooo@symantec.com","91 Golden Leaf Crossing","05-094","Poland",25364
"Adrienne","Willerstone",8679900670,"willerstoneop@list-manage.com","8 Carioca Place","5503","Philippines",13929
"Barry","Mowles",6538832206,"mowlesoq@hostgator.com","7455 Clyde Gallagher Lane","","China",19111
"Sheffie",,1248897975,"ebbsor@issuu.com","69 Sutherland Terrace","H9K","Canada",97991
"Andrea","Kaysor",1094289752,"kaysoros@purevolume.com","4 Granby Avenue","33-140","Poland",31502
"Myrilla","Northage",9133957378,"northageot@sbwire.com","39 Longview Junction","31403 CEDEX 9","France",26497
"Vern","Hungerford",8862782223,"hungerfordou@ovh.net","0 Harper Crossing","937-0814","Japan",22987
"Ree","Boord",8328653502,"boordov@sphinn.com","0185 Lakeland Parkway","38770-000","Brazil",48965
"Ingeborg","Casson",5543799204,"cassonow@slideshare.net","00901 Johnson Center","","Nicaragua",64722
"Sheilah","Geeraert",5982855899,"geeraertox@skype.com","97919 Prairieview Point","75-136","Poland",95634
"Georges","Chansonne",5997189625,"chansonneoy@so-net.ne.jp","373 Ryan Alley",,"Ukraine",24599
"Herb","De Gogay",8712909763,"degogayoz@about.com","544 7th Park","","Ukraine",50978
"Dari","Currington",4678225645,"curringtonp0@go.com","65 Valley Edge Crossing","","China",99216
"Irina","Leworthy",7236627470,"leworthyp1@amazonaws.com","0 School Pass","34-105","Poland",29934
"Gilda","Vicker",2689648594,"vickerp2@purevolume.com","154 Banding Place","","China",49699
"Manuel","Casajuana",6772041949,"casajuanap3@soundcloud.com","09604 Arrowood Trail","","Indonesia",58960
"Eddy","Gillingwater",,"gillingwaterp4@about.me","5 Ludington Point","962-0305","Japan",80513
"Charles","Pauli",3257120024,"paulip5@meetup.com","7172 Haas Alley","13343 CEDEX 15","France",93047
"Raddy","Lackington",6721166407,"lackingtonp6@europa.eu","933 Vahlen Road","","Ukraine",47520
"Allin","Muglestone",7223623693,"muglestonep7@cnbc.com","5 Mcbride Way","N0K","Canada",78377
"Ingaberg","Jude",8641746689,"judep8@paypal.com","76 Russell Hill","70502","Costa Rica",59439
"Marti","Cutmare",5976053676,"cutmarep9@studiopress.com","82087 Atwood Hill","612040","Russia",51319
"Nessa","Buscher",5795945283,"buscherpa@mysql.com","593 Pennsylvania Drive","","China",66215
"Kally","McVeighty",7414693250,"mcveightypb@4shared.com","7 Westridge Pass","","China",96980
"Francklyn","Dibdale",2523235426,"dibdalepc@nydailynews.com","93738 Hoffman Park","","China",79508
"Chadwick","Farnall",1729232209,"farnallpd@netlog.com","6155 Darwin Road","","Kyrgyzstan",41035
"Tarah","Lodder",5323367458,"lodderpe@exblog.jp","1616 Lukken Center","1309","South Africa",66455
"Irene","Lievesley",8758074748,"lievesleypf@mozilla.org","479 Mendota Center","","China",98916
,"Maeer",4022170228,"lmaeerpg@elpais.com","123 2nd Point","","China",36719
"Sallee","Sabey",2312634503,"sabeyph@nature.com","66598 Reindahl Parkway","","China",17851
"Sibby","Patshull",6472506308,"patshullpi@google.co.jp","06 Oneill Way","","Gambia",71755
"Ric","Bonar",7996603871,"bonarpj@reuters.com","81 Reindahl Plaza","6150-405","Portugal",67796
"Brit","MacLure",8947963463,"maclurepk@cargocollective.com","152 Texas Avenue","613 81","Sweden",24426
"Charmine","Rosthorn",9759464964,"rosthornpl@bloglovin.com","53 Del Sol Street","","China",68418
"Chrissie","Moodie",2622479447,"moodiepm@businessweek.com","09499 Buena Vista Park","","China",16288
"Fancy","O'Neil",9386217958,"oneilpn@columbia.edu","08881 Northland Street","4329","Philippines",33537
"Daphna","Martinson",9234497316,"martinsonpo@tripod.com","88 Shelley Place","","Equatorial Guinea",35574
"Max","McTurk",8848363723,"mcturkpp@rediff.com","85292 Orin Way","","Indonesia",37451
"Trumann","Camerana",9334743315,"cameranapq@foxnews.com","81 Lukken Parkway","","China",32215
"Jeane","Anespie",2886668854,"anespiepr@fotki.com","1918 Waywood Center","","Indonesia",28490
"Annis","Zorer",9915475836,"zorerps@joomla.org",,"","China",79285
"Barnaby","Trimmill",6118857146,"trimmillpt@elegantthemes.com","8971 3rd Terrace","88759","Mexico",20478
"Kane","Quincey",3374352009,"quinceypu@hao123.com","72946 Brentwood Circle","","China",31845
"Dorrie","Crufts",5921079271,"cruftspv@mlb.com","4489 Schlimgen Center","","Kenya",61401
"Moreen","Seiler",2945376445,,"62 Maryland Plaza","MD-5840","Moldova",66812
"Sukey","Almond",7934803030,"almondpx@nyu.edu","91513 Main Lane","","Sudan",13914
"Dolli","Hockey",,"hockeypy@scribd.com","9841 Mariners Cove Point","","Benin",27521
"Danni","Fairholme",3908976838,"fairholmepz@addtoany.com","9610 Loftsgordon Center","","China",64535
"Federica","Rolfi",7007436249,"rolfiq0@si.edu","83439 Welch Parkway","1804","Argentina",10909
"Gilburt","Croxton",4848544158,"croxtonq1@infoseek.co.jp","9680 Morrow Trail","3605","Philippines",69673
"Valeda","Angrick",9479198662,"angrickq2@feedburner.com","0 Springs Center","1140","Australia",47190
"Maurits","Birkin",3104770144,"birkinq3@over-blog.com","70 Center Center","","China",75656
"Raffaello","Biddulph",4551236623,"biddulphq4@godaddy.com","30 Northview Court","","Indonesia",45837
"Giuditta","Hovington",6814075290,"hovingtonq5@usa.gov","309 Buell Pass","2800-011","Portugal",25062
"Becka","Flores",2319820847,"floresq6@edublogs.org","130 Blackbird Pass","11905","Costa Rica",16211
"Patti","Hazeltine",9636348670,"hazeltineq7@macromedia.com","6492 Shelley Road",,"Mauritius",33599
"Buddy","Perschke",2114151746,"perschkeq8@github.io","732 Esch Street","","Uruguay",81388
"Merrily","Brine",6642233963,"brineq9@businesswire.com","47 Ludington Junction","","Palestinian Territory",62105
"Sherman","Lutton",3332235618,"luttonqa@4shared.com","7791 Grasskamp Lane","2137","Bulgaria",90313
"Cullen","Torregiani",4325043991,"torregianiqb@berkeley.edu","42080 Blue Bill Park Avenue","","Indonesia",67000
"Hannis","Pipping",1062139406,"pippingqc@nyu.edu","73125 Lakewood Way","","China",71685
"Reinold","Houliston",5441311617,"houlistonqd@soup.io","329 Darwin Terrace","301070","Russia",66017
"Noble","Timmens",4048668845,"timmensqe@cargocollective.com","65 6th Hill","30343","United States",71856
"Giraud","Robers",1027038506,"robersqf@ucoz.com","9 Lake View Parkway","","Indonesia",44428
"Gray","Johncey",9997435237,"johnceyqg@behance.net","352 Magdeline Center","","China",25616
"Tommie","Penni",8089790332,"penniqh@hostgator.com","681 Spaight Parkway","4211","Philippines",63298
"Batholomew","Bail",8291219153,"bailqi@vimeo.com","0070 Schmedeman Court","","China",69442
"Hephzibah","Heinonen",6886537470,"heinonenqj@spotify.com","10 Evergreen Crossing","7541","Bulgaria",85139
"Reuven","Durnford",5081954287,"durnfordqk@dion.ne.jp","27642 Nelson Drive","7015","Philippines",33146
"Ashlin","Bickers",8678110293,"bickersql@accuweather.com","77 Esker Drive","879-4413","Japan",23870
"Melina","Jeannot",2667363222,"jeannotqm@disqus.com","6878 Loftsgordon Way","","Kosovo",45088
"Charlotta","Medeway",9161498709,"medewayqn@cafepress.com","91 Bellgrove Circle","","China",41802
"Hedvig","Extil",5407809164,"extilqo@gnu.org","07062 Starling Avenue","","China",10252
"Ellsworth","Kropp",4543504001,"kroppqp@hp.com","236 Arapahoe Way","","Belarus",95218
"Jeana","Crighten",6144033560,"crightenqq@chronoengine.com","99358 Texas Place","5904","Netherlands",67995
"Marcelle","Broe",6994512192,"broeqr@china.com.cn","6872 Washington Point","","China",84273
"Whitman","O'Lennachain",8236841921,,"91 Continental Lane","","Indonesia",72759
"Othilia","Pawlata",1962967744,"pawlataqt@miibeian.gov.cn","417 Myrtle Parkway",,"Slovenia",72226
"Bernette","Verne",8806497977,"vernequ@slate.com","33546 Grover Road","302025","Russia",88395
"Cheryl","Rattry",9376339054,"rattryqv@deviantart.com","24 Chive Place","3403","Argentina",97119
"Ethelda","Androli",1753893374,"androliqw@nationalgeographic.com","46 Boyd Crossing","","China",75211
"Darleen","Byrkmyr",1314435260,"byrkmyrqx@shinystat.com","2 South Junction","34360","Thailand",77406
"Babbie","Chilver",4424425282,"chilverqy@cnbc.com","18284 Petterle Junction","31244 CEDEX","France",94126
"Linn","Andreopolos",1867148695,"andreopolosqz@i2i.jp","949 Anthes Lane","64150","Thailand",11237
"Malorie","Acutt",4258450355,"acuttr0@artisteer.com","76 Service Way","","Ukraine",64139
"Austin","Riding",1125355307,"ridingr1@vkontakte.ru","4 Little Fleur Street","50109 CEDEX","France",30746
"Janis","Crate",6866960918,"crater2@canalblog.com","7281 Erie Way","","Eritrea",84882
"Graeme","Bartolomivis",4785252065,,"25 Anniversary Trail","31422","United States",68955
"Jillayne","Fiorentino",7539964992,"fiorentinor4@elpais.com","41440 Daystar Trail","","Togo",73778
"Giacopo","Pulbrook",2313386589,"pulbrookr5@w3.org","36 Shasta Court","","Zambia",66641
"Ingram","Spering",7705817230,"speringr6@delicious.com","01897 Grayhawk Drive","","Indonesia",43090
"Emalia","Deverall",4043150453,"deverallr7@purevolume.com","5 Gerald Road","2840-051","Portugal",79343
"Prent","Fautley",3212467044,"fautleyr8@netscape.com","375 Kedzie Drive","86403","Mexico",99647
"Moss","Riggott",8683450231,"riggottr9@state.tx.us","22 Killdeer Avenue","44695-000","Brazil",10860
"Desmund","Degli Antoni",3708045255,"degliantonira@hao123.com","5689 Merrick Lane","","Panama",51805
"Lavinie","Burgisi",3868137606,"burgisirb@cornell.edu","0147 6th Avenue","97500-000","Brazil",79291
"Saidee","Abbison",3828240574,"abbisonrc@godaddy.com","2 Bultman Court","303622","Russia",33358
"Kari","Wall",7874478600,"wallrd@google.nl","42 Coleman Plaza","","Vietnam",56133
"Tomasina","Lowensohn",7418878156,"lowensohnre@bloomberg.com","5 Sage Crossing","","Venezuela",69035
"Flin","Maith",4645539964,"maithrf@51.la","0778 Tony Avenue","75675 CEDEX 14","France",51013
"Coleen","Genever",2164499553,"geneverrg@macromedia.com","1 Eggendart Street","21110","Thailand",14299
"Meryl","Missington",2659129629,"missingtonrh@indiegogo.com","86631 Lunder Crossing","391 33","Czech Republic",34380
"Flora","Pargent",8384049836,"pargentri@army.mil","0728 Fairfield Avenue","27175-000","Brazil",63101
"Rollin","Figin",1789086575,"figinrj@japanpost.jp","5 Monterey Pass","3364","Argentina",89579
"Jenica","Keoghane",,"keoghanerk@squidoo.com","5547 Nobel Way","","Indonesia",55171
"Kandace","Arp",1865750319,"arprl@si.edu","7821 Prairie Rose Pass",,"Mexico",40948
"Edna","Mackieson",8554497852,"mackiesonrm@admin.ch","17 Gateway Place","","Vietnam",36144
"Allison","Gunthorpe",3189424225,"gunthorpern@time.com","7663 Mandrake Crossing","","China",71251
"Lyell","Barkess",5916454588,"barkessro@time.com","633 Brickson Park Parkway",,"Nicaragua",72495
"Griffith","Newbigging",2377706496,"newbiggingrp@redcross.org","518 Lindbergh Pass","","Paraguay",92861
"Danny","Munning",1274574803,"munningrq@virginia.edu",,"","Chad",12342
"Hurley","Keig",2233552610,"keigrr@sohu.com",,"","Indonesia",69156
